-- INSERTS ministere

INSERT INTO ministere (id_ministere, perimetre_ministeriel, ministere_politique, ref_administration)
VALUES
  (1, 'Services du Premier ministre et Autorités administratives indépendantes', 'Services du Premier Ministre et Autorités administratives indépendantes', 'DDD'),
  (2, 'Services du Premier ministre et Autorités administratives indépendantes', 'Services du Premier Ministre et Autorités administratives indépendantes', 'DILA'),
  (3, 'Affaires étrangères', 'Ministère de l''Europe et des Affaires étrangères', 'CDCS'),
  (4, 'Affaires étrangères', 'Ministère de l''Europe et des Affaires étrangères', 'DFAE'),
  (5, 'Affaires étrangères', 'Ministère de l''Europe et des Affaires étrangères', 'DGM'),
  (6, 'Affaires sociales', 'Ministère auprès de la ministre du Travail. de la Santé. de la Solidarité et des Familles. chargé du Travail et de l''Emploi', 'ASP'),
  (7, 'Affaires sociales', 'Ministère auprès de la ministre du Travail. de la Santé. de la Solidarité et des Familles. chargé du Travail et de l''Emploi', 'CNAV'),
  (8, 'Affaires sociales', 'Ministère auprès de la ministre du Travail. de la Santé. de la Solidarité et des Familles. chargé du Travail et de l''Emploi', 'DGEFP'),
  (9, 'Affaires sociales', 'Ministère auprès de la ministre du Travail. de la Santé. de la Solidarité et des Familles. chargé du Travail et de l''Emploi', 'DGT'),
  (10, 'Affaires sociales', 'Ministère auprès de la ministre du Travail. de la Santé. de la Solidarité et des Familles. chargé du Travail et de l''Emploi', 'FRANCE TRAVAIL'),
  (11, 'Affaires sociales', 'Ministère auprès de la ministre du Travail. de la Santé. de la Solidarité et des Familles. chargé du Travail et de l''Emploi', 'GIP UR'),
  (12, 'Affaires sociales', 'Ministère auprès de la ministre du Travail. de la Santé. de la Solidarité et des Familles. chargé de la Santé et de l''Accès aux soins', 'CNAF'),
  (13, 'Affaires sociales', 'Ministère auprès de la ministre du Travail. de la Santé. de la Solidarité et des Familles. chargé de la Santé et de l''Accès aux soins', 'CNAM'),
  (14, 'Affaires sociales', 'Ministère auprès de la ministre du Travail. de la Santé. de la Solidarité et des Familles. chargé de la Santé et de l''Accès aux soins', 'CNAV'),
  (15, 'Affaires sociales', 'Ministère auprès de la ministre du Travail. de la Santé. de la Solidarité et des Familles. chargé de la Santé et de l''Accès aux soins', 'DGS'),
  (16, 'Affaires sociales', 'Ministère auprès de la ministre du Travail. de la Santé. de la Solidarité et des Familles. chargé de la Santé et de l''Accès aux soins', 'DNS'),
  (17, 'Affaires sociales', 'Ministère auprès de la ministre du Travail. de la Santé. de la Solidarité et des Familles. chargé de la Santé et de l''Accès aux soins', 'DSS'),
  (18, 'Affaires sociales', 'Ministère auprès de la ministre du Travail. de la Santé. de la Solidarité et des Familles. chargé de la Santé et de l''Accès aux soins', 'URSSAF'),
  (19, 'Affaires sociales', 'Ministère délégué auprès de la ministre du Travail. de la Santé. de la Solidarité et des Familles. chargé de l’Autonomie et du Handicap', 'DGCS'),
  (20, 'Agriculture. alimentation. agroalimentaire et forêt', 'Ministère de l''Agriculture et de la Souveraineté alimentaire', 'AIFE'),
  (21, 'Agriculture. alimentation. agroalimentaire et forêt', 'Ministère de l''Agriculture et de la Souveraineté alimentaire', 'ASP'),
  (22, 'Agriculture. alimentation. agroalimentaire et forêt', 'Ministère de l''Agriculture et de la Souveraineté alimentaire', 'DGPE'),
  (23, 'Agriculture. alimentation. agroalimentaire et forêt', 'Ministère de l''Agriculture et de la Souveraineté alimentaire', 'MSA'),
  (24, 'Culture', 'Ministère de la Culture', 'DG2TDC'),
  (25, 'Culture', 'Ministère de la Culture', 'DGCA'),
  (26, 'Culture', 'Ministère de la Culture', 'DGMIC'),
  (27, 'Culture', 'Ministère de la Culture', 'DGPA'),
  (28, 'Culture', 'Ministère de la Culture', 'SG-MC'),
  (29, 'Défense', 'Ministère des Armées', 'ASA'),
  (30, 'Défense', 'Ministère des Armées', 'DILA'),
  (31, 'Défense', 'Ministère des Armées', 'DMCA'),
  (32, 'Défense', 'Ministère des Armées', 'DSNJ'),
  (33, 'Défense', 'Ministère des Armées', 'ONACVG'),
  (34, 'Économie et finances', 'Ministère de l''Économie. des Finances et de la Souveraineté industrielle et numérique', 'AIFE'),
  (35, 'Économie et finances', 'Ministère de l''Économie. des Finances et de la Souveraineté industrielle et numérique', 'DGDDI'),
  (36, 'Économie et finances', 'Ministère de l''Économie. des Finances et de la Souveraineté industrielle et numérique', 'DGE-INPI'),
  (37, 'Économie et finances', 'Ministère de l''Économie. des Finances et de la Souveraineté industrielle et numérique', 'DGFIP'),
  (38, 'Économie et finances', 'Ministère de l''Économie. des Finances et de la Souveraineté industrielle et numérique', 'INPI'),
  (39, 'Économie et finances', 'Ministère de l''Économie. des Finances et de la Souveraineté industrielle et numérique', 'INSEE'),
  (40, 'Économie et finances', 'Ministère de l''Action publique. de la Fonction publique et de la Simplification', 'DGAFP'),
  (41, 'Éducation nationale. Jeunesse et Sports. Enseignement supérieur et Recherche', 'Ministère de l''Éducation nationale. de l''Enseignement supérieur et de la Recherche', 'CNED'),
  (42, 'Éducation nationale. Jeunesse et Sports. Enseignement supérieur et Recherche', 'Ministère de l''Éducation nationale. de l''Enseignement supérieur et de la Recherche', 'CNOUS'),
  (43, 'Éducation nationale. Jeunesse et Sports. Enseignement supérieur et Recherche', 'Ministère de l''Éducation nationale. de l''Enseignement supérieur et de la Recherche', 'COLLÈGE'),
  (44, 'Éducation nationale. Jeunesse et Sports. Enseignement supérieur et Recherche', 'Ministère de l''Éducation nationale. de l''Enseignement supérieur et de la Recherche', 'CROUS'),
  (45, 'Éducation nationale. Jeunesse et Sports. Enseignement supérieur et Recherche', 'Ministère de l''Éducation nationale. de l''Enseignement supérieur et de la Recherche', 'DGESIP'),
  (46, 'Éducation nationale. Jeunesse et Sports. Enseignement supérieur et Recherche', 'Ministère de l''Éducation nationale. de l''Enseignement supérieur et de la Recherche', 'ÉCOLE'),
  (47, 'Éducation nationale. Jeunesse et Sports. Enseignement supérieur et Recherche', 'Ministère de l''Éducation nationale. de l''Enseignement supérieur et de la Recherche', 'ÉTABLISSEMENT'),
  (48, 'Éducation nationale. Jeunesse et Sports. Enseignement supérieur et Recherche', 'Ministère de l''Éducation nationale. de l''Enseignement supérieur et de la Recherche', 'LYCÉE'),
  (49, 'Éducation nationale. Jeunesse et Sports. Enseignement supérieur et Recherche', 'Ministère de l''Éducation nationale. de l''Enseignement supérieur et de la Recherche', 'RECTORAT'),
  (50, 'Éducation nationale. Jeunesse et Sports. Enseignement supérieur et Recherche', 'Ministère des Sports. de la Jeunesse et de la Vie associative', 'DJEPVA'),
  (51, 'Éducation nationale. Jeunesse et Sports. Enseignement supérieur et Recherche', 'Ministère des Sports. de la Jeunesse et de la Vie associative', 'DS'),
  (52, 'Intérieur et outre-mer', 'Ministère de l''Intérieur', 'ANTAI'),
  (53, 'Intérieur et outre-mer', 'Ministère de l''Intérieur', 'DGEF'),
  (54, 'Intérieur et outre-mer', 'Ministère de l''Intérieur', 'DGGN'),
  (55, 'Intérieur et outre-mer', 'Ministère de l''Intérieur', 'DGPN'),
  (56, 'Intérieur et outre-mer', 'Ministère de l''Intérieur', 'DLPAJ'),
  (57, 'Intérieur et outre-mer', 'Ministère de l''Intérieur', 'DMATES'),
  (58, 'Intérieur et outre-mer', 'Ministère de l''Intérieur', 'DSR'),
  (59, 'Intérieur et outre-mer', 'Ministère de l''Intérieur', 'SCAE'),
  (60, 'Justice', 'Ministère de la Justice', 'DACG'),
  (61, 'Justice', 'Ministère de la Justice', 'DACS'),
  (62, 'Justice', 'Ministère de la Justice', 'DAP'),
  (63, 'Justice', 'Ministère de la Justice', 'SADJAV'),
  (64, 'Justice', 'Ministère de la Justice', 'SG-MJ'),
  (65, 'Transition écologique. cohésion des territoires et mer', 'Ministère de l''Aménagement du territoire et de la Décentralisation', 'DGITM'),
  (66, 'Transition écologique. cohésion des territoires et mer', 'Ministère de la Transition écologique. de la Biodiversité. de la Forêt. de la Mer et de la Pêche', 'DGALN'),
  (67, 'Transition écologique. cohésion des territoires et mer', 'Ministère de la Transition écologique. de la Biodiversité. de la Forêt. de la Mer et de la Pêche', 'DGEC'),
  (68, 'Transition écologique. cohésion des territoires et mer', 'Ministère de la Transition écologique. de la Biodiversité. de la Forêt. de la Mer et de la Pêche', 'GIP SNE');

-- INSERTS demarche

INSERT INTO demarche (
  id_demarche, nom_demarche, id_ministere,
  statut_en_ligne, volumetrie_totale, volumetrie_en_ligne, pct_recours_numerique,
  note_satisfaction, note_clarte_langage, niveau_autonomie, aide_joignable, aide_efficace,
  prise_en_compte_handicap, taux_audit_rgaa, date_declaration, franceconnect, score_dlnuf,
  taux_dispo, tps_moy_chargement, url_demarche
) VALUES
  (1763, 'Saisine du Défenseur des droits', 1, 'Oui', 32218.0, 25055.0, 0.777670867217084, 9.0, 8.7, 0.51, 0.570915619389587, 4.6, 'Partielle', 0.964, '2024-12-10', 'Non applicable', NULL, 1.0, 402.0, 'https://formulaire.defenseurdesdroits.fr/code/afficher.php?ETAPE=accueil_2016'),
  (1656, 'Changement d''adresse en ligne', 2, 'Oui', 600000.0, 600000.0, 1.0, 9.0, 8.7, 0.86, 0.504651162790698, 7.3, 'Partielle', 0.76, '2023-03-23', 'FranceConnect', 2.0, 0.99763, 269.0, 'https://www.service-public.gouv.fr/particuliers/vosdroits/R11193'),
  (1764, 'Publication des comptes annuels des associations. fondations et fonds de dotation', 2, 'Oui', NULL, NULL, NULL, 7.9, 7.9, 0.76, NULL, NULL, 'Partielle', 0.9412, '2024-08-23', 'Non applicable', 3.0, 0.99894, 257.0, 'https://associations-depot-comptes.journal-officiel.gouv.fr/depotdescomptes/index.html'),
  (1716, 'Inscription sur "Fil d''Ariane" (alerte en cas de crise lors d''un voyage à l''étranger)', 3, 'Oui', 277537.0, 277537.0, 1.0, 8.8, 8.7, 0.9, NULL, NULL, 'Partielle', 0.75, '2024-12-23', 'FranceConnect', 2.0, 1.0, 181.0, 'https://fildariane.diplomatie.gouv.fr/fildariane-internet/accueil'),
  (1718, 'Demande d''acte de décès (survenu à l''étranger)', 4, 'Oui', NULL, NULL, NULL, 8.7, 8.6, 0.72, NULL, NULL, 'Partielle', 0.8182, '2024-12-06', 'FranceConnect', 0.0, 1.0, 171.0, 'https://www.service-public.gouv.fr/particuliers/vosdroits/R47955'),
  (1719, 'Demande d''acte de mariage (célébré à l''étranger)', 4, 'Oui', NULL, NULL, NULL, 9.3, 9.1, 0.78, 0.687272727272727, 8.3, 'Partielle', 0.8182, '2024-12-06', 'FranceConnect', 0.0, 1.0, 179.0, 'https://www.service-public.gouv.fr/particuliers/vosdroits/R42839'),
  (1720, 'Demande d''acte de naissance (à l''étranger)', 4, 'Oui', NULL, NULL, NULL, 9.1, 8.9, 0.75, 0.584645669291339, 8.1, 'Partielle', 0.8182, '2024-12-06', 'FranceConnect', 0.0, 1.0, 166.0, 'https://www.service-public.gouv.fr/particuliers/vosdroits/R1405'),
  (2508, 'Demande de transcription d''un acte survenu à l''étranger', 4, 'Non', NULL, NULL, NULL, NULL, NULL, NULL, NULL, NULL, '–', NULL, NULL, '–', NULL, NULL, NULL, NULL),
  (1721, 'Demander ses certificats (inscription ou radiation) et sa carte consulaire', 4, 'Oui', NULL, NULL, NULL, NULL, NULL, NULL, NULL, NULL, 'Partielle', 0.7547, '2025-01-13', 'FranceConnect', 0.0, 0.99632, 190.0, 'https://www.service-public.gouv.fr/particuliers/vosdroits/R45780'),
  (1722, 'Inscription consulaire (registre des Français établis hors de France)', 4, 'Oui', NULL, NULL, NULL, 7.2, 7.4, 0.69, 0.706310679611651, 7.4, 'Partielle', 0.7547, '2025-01-13', 'FranceConnect', 4.0, 1.0, 182.0, 'https://www.service-public.gouv.fr/particuliers/vosdroits/R43248'),
  (115, 'Vote pour les Français de l’Etranger aux élections consulaires', 4, 'À venir', NULL, NULL, NULL, NULL, NULL, NULL, NULL, NULL, 'À venir', NULL, NULL, '–', NULL, NULL, NULL, NULL),
  (116, 'Vote pour les Français de l’Etranger aux élections législatives', 4, 'Oui', 591835.0, 459539.0, 0.776464724120743, 9.4, 9.3, 0.91, NULL, NULL, 'Non conforme', NULL, '2022-04-08', '–', NULL, NULL, NULL, 'https://votefae.diplomatie.gouv.fr'),
  (1679, 'Études en France', 5, 'Oui', 343167.0, 282774.0, 0.824012798433416, 7.3, 7.2, 0.17, 0.764705882352941, 8.0, 'Non conforme', NULL, NULL, 'Non applicable', 0.0, 1.0, 170.0, 'https://pastel.diplomatie.gouv.fr/etudesenfrance/dyn/public/authentification/login.html'),
  (1775, 'Demande d''indemnisation d''activité partielle', 6, 'Oui', 72414.0, 72414.0, 1.0, 6.3, 5.7, 0.41, NULL, 7.7, 'Non conforme', 0.31, '2022-12-22', 'Non applicable', 4.0, 1.0, 158.0, 'https://activitepartielle.emploi.gouv.fr/aparts/'),
  (1750, 'Consulter le montant déclaré à l’administration fiscale', 7, 'Oui', 4010140.0, 4010140.0, 1.0, 6.8, 7.1, 0.69, 0.565714285714286, 6.5, 'Partielle', 0.91, '2024-11-27', 'FranceConnect', 1.0, 0.9723, 385.0, 'https://www.lassuranceretraite.fr/portail-services-ihm/index.html#/sec/afficherIframe/CONSULT_MONTANT'),
  (1748, 'Obtenir mon âge de départ à la retraite', 7, 'Oui', 5713906.0, 5713906.0, 1.0, 4.2, 4.1, 0.25, 0.602684017893453, 4.4, 'Partielle', 0.756, '2025-07-25', 'FranceConnect', 0.0, 0.97177, 441.0, 'https://www.lassuranceretraite.fr/portail-services-ihm/index.html#/sec/ouvrirService/AGEDEPART'),
  (2422, '1jeune1solution : évaluer les aides auxquelles j''ai droit', 8, 'Oui', NULL, NULL, NULL, 8.0, 6.7, 0.36, 0.61439588688946, 7.0, 'Partielle', 0.8541, '2022-12-14', 'Non applicable', NULL, 1.0, 150.0, 'https://mes-aides.1jeune1solution.beta.gouv.fr/'),
  (2940, 'Achat de formation (CPF)', 8, 'Oui', 1490000.0, 1490000.0, 1.0, NULL, NULL, NULL, NULL, NULL, 'Non conforme', 0.411, '2025-09-01', 'FranceConnect +', 1.0, 0.97517, 125.0, 'https://www.moncompteformation.gouv.fr/'),
  (1694, 'Consulter mes droits de formation (CPF)', 8, 'Oui', 21000000.0, 21000000.0, 1.0, 5.9, 5.3, 0.41, 0.513888888888889, 6.5, 'Partielle', 0.9804, '2025-09-01', 'FranceConnect +', 1.0, 0.97518, 125.0, 'https://www.moncompteformation.gouv.fr/'),
  (1695, 'Saisie en ligne des états de présence (SYLAé)', 8, 'Oui', 843520.0, 843520.0, 1.0, 8.2, 7.8, 0.63, NULL, NULL, 'Non conforme', 0.31, '2023-10-23', 'Non applicable', 0.0, 1.0, 163.0, 'https://sylae.asp-public.fr/sylae/'),
  (2768, 'Calculer l''indemnité de licenciement (simulateur)', 9, 'Oui', 1545123.0, 1545123.0, 1.0, 7.4, NULL, NULL, NULL, NULL, 'Partielle', 0.75, '2023-10-20', 'Non applicable', NULL, 1.0, 331.0, 'https://code.travail.gouv.fr/outils/indemnite-licenciement'),
  (2988, 'Déclaration préalable de détachement de salariés en ligne (SIPSI)', 9, 'Oui', NULL, 455934.0, NULL, 8.3, 6.9, 0.57, NULL, NULL, 'Partielle', 0.82, '2023-03-31', 'Non applicable', 1.0, 1.0, 152.0, 'https://www.sipsi.travail.gouv.fr/'),
  (1693, 'Demande en ligne d''homologation d''une rupture conventionnelle (TéléRC)', 9, 'Oui', 560669.0, 557335.0, 0.994053532476381, 7.2, 6.9, 0.64, 0.542067307692308, 6.6, 'Partielle', 0.6308, '2023-01-05', 'Non applicable', 0.0, 1.0, 171.0, 'https://www.telerc.travail.gouv.fr/'),
  (3410, 'Simulateur d''indemnité de rupture conventionnelle', 9, 'Oui', 636711.0, 636711.0, 1.0, 6.9, NULL, NULL, NULL, NULL, 'Partielle', 0.75, '2023-10-20', 'Non applicable', NULL, 1.0, NULL, 'https://code.travail.gouv.fr/outils/indemnite-rupture-conventionnelle'),
  (2190, 'Candidater à une offre d’emploi (France Travail)', 10, 'Oui', 13246609.0, 13246609.0, 1.0, 8.5, 8.2, 0.61, 0.872719374456994, 8.2, 'Partielle', 0.84, '2025-03-26', 'FranceConnect', 2.0, 1.0, 157.0, 'https://candidat.francetravail.fr/'),
  (2769, 'Changement de situation (France Travail)', 10, 'Oui', 236660.0, 236660.0, 1.0, 8.3, 7.9, 0.6, 0.874587458745875, 8.0, 'Partielle', 0.66, '2025-03-26', 'FranceConnect', 0.0, 1.0, 157.0, 'https://candidat.francetravail.fr/'),
  (2745, 'Demande d''aide à la garde d’enfants pour parent isolé (France Travail)', 10, 'Oui', 19480.0, 19480.0, 1.0, NULL, NULL, NULL, NULL, NULL, 'Partielle', 0.5, '2025-03-26', 'FranceConnect', NULL, 1.0, 157.0, 'https://candidat.francetravail.fr/'),
  (2770, 'Demande d''allocation de solidarité spécifique (France Travail)', 10, 'Oui', 532396.0, 532396.0, 1.0, 9.3, 8.8, 0.64, 0.927442528735632, 8.4, 'Partielle', 0.78, '2025-03-26', 'FranceConnect', NULL, 1.0, 157.0, 'https://candidat.francetravail.fr/'),
  (1779, 'La Déclaration Unique Simplifiée (GUSO)', 10, 'Oui', 168232.0, 168232.0, 1.0, 7.0, 6.6, 0.53, 0.827338129496403, 5.0, 'Non conforme', 0.45, '2024-11-25', 'Non applicable', 4.0, 1.0, 206.0, 'https://www.guso.fr'),
  (1697, 'Publication d''une offre d''emploi en ligne (France Travail)', 10, 'Oui', 1667034.0, 1667034.0, 1.0, 8.3, 8.0, 0.79, NULL, NULL, 'Partielle', 0.86, '2025-03-26', 'Non applicable', 0.0, 1.0, 157.0, 'https://entreprise.francetravail.fr/'),
  (1778, 'Rechercher des offres d’emploi (France Travail)', 10, 'Oui', 229801113.0, 229801113.0, 1.0, 6.3, 6.5, 0.57, 0.763630427685276, 7.3, 'Partielle', 0.84, '2025-03-26', 'FranceConnect', 0.0, 1.0, 157.0, 'https://candidat.francetravail.fr/'),
  (2191, 'Rechercher sa formation (France Travail)', 10, 'Oui', 18575579.0, 18575579.0, 1.0, 5.0, 4.8, 0.35, 0.693460490463215, 6.4, 'Partielle', 0.82, '2025-03-26', 'FranceConnect', 0.0, 1.0, 157.0, 'https://candidat.francetravail.fr/'),
  (2006, 'Renouvellement mensuel de la situation de demandeur d’emploi (France Travail)', 10, 'Oui', 39134601.0, 39134601.0, 1.0, 9.1, 8.7, 0.63, 0.888124573017032, 8.3, 'Partielle', 0.77, '2025-03-26', 'FranceConnect', 0.0, 1.0, 157.0, 'https://candidat.francetravail.fr/'),
  (1700, 'S''inscrire ou se réinscrire comme demandeur d''emploi à France Travail', 10, 'Oui', 6033549.0, 6033549.0, 1.0, 8.5, 7.9, 0.52, 0.884488448844885, 8.2, 'Partielle', 0.78, '2025-03-26', 'Non', 5.0, 1.0, 157.0, 'https://candidat.francetravail.fr/'),
  (1622, 'Demande de retraite personnelle', 11, 'Oui', NULL, 544352.0, NULL, 8.9, 8.7, 0.57, 0.792060988433228, 7.9, 'Partielle', 0.925, '2022-11-16', 'FranceConnect', 1.0, 1.0, 288.0, 'https://www.info-retraite.fr/portail-services/login'),
  (1623, 'Demande de réversion', 11, 'Oui', NULL, 119840.0, NULL, 8.5, 8.4, 0.58, 0.716475095785441, 7.7, 'Partielle', 0.963, '2024-07-04', 'FranceConnect', 12.0, 1.0, 288.0, 'https://www.info-retraite.fr/portail-services/login'),
  (2763, 'Ma carrière (Je consulte mon relevé de carrière)', 11, 'Oui', NULL, 25500000.0, NULL, 3.9, 4.5, 0.28, 0.503951825366955, 4.3, 'Non conforme', 0.47, '2024-12-17', 'FranceConnect', 0.0, 1.0, 288.0, 'https://www.info-retraite.fr/portail-services/login'),
  (2765, 'Mes attestations de paiements', 11, 'Oui', NULL, 4900000.0, NULL, 4.4, 4.4, 0.44, 0.503205128205128, 5.0, 'Partielle', 0.9429, '2024-11-06', 'FranceConnect', 0.0, 1.0, 288.0, 'https://www.info-retraite.fr/portail-services/login'),
  (2764, 'Mes paiements - historique (paiements retraite info-retraite / suivi de mes paiements retraite)', 11, 'Oui', NULL, 29800000.0, NULL, 4.8, 5.0, 0.44, 0.594160583941606, 5.6, 'Partielle', 0.9412, '2024-11-06', 'FranceConnect', 0.0, 1.0, 288.0, 'https://www.info-retraite.fr/portail-services/login'),
  (2766, 'Mon épargne retraite (consulter ses contrats Epargne retraite)', 11, 'Oui', NULL, 1600000.0, NULL, 7.6, 7.5, 0.57, 0.615384615384615, 6.9, 'Partielle', 0.8, '2024-12-17', 'FranceConnect', 0.0, 1.0, 288.0, 'https://www.info-retraite.fr/portail-services/login'),
  (2443, 'Mon estimation retraite', 11, 'Oui', NULL, 21700000.0, NULL, 5.8, 5.9, 0.46, 0.574410774410774, 5.4, 'Partielle', 0.5517, '2023-04-17', 'FranceConnect', 4.0, 1.0, 288.0, 'https://www.info-retraite.fr/portail-services/login'),
  (2767, 'Suivi des demandes (de correction de mon relevé de carrière. retraite et réversion )', 11, 'Oui', NULL, 10600000.0, NULL, 2.4, 3.5, 0.18, 0.528214867064569, 4.1, 'Partielle', 0.875, '2024-11-28', 'FranceConnect', 0.0, 1.0, 288.0, 'https://www.info-retraite.fr/portail-services/login'),
  (1717, 'Transmettre un certificat de vie pour les retraités à l''étranger', 11, 'Oui', NULL, 930000.0, NULL, 8.2, 8.0, 0.6, 0.727011494252874, 8.0, 'Partielle', 0.8644, '2023-06-21', 'FranceConnect', NULL, 1.0, 288.0, 'https://www.info-retraite.fr/portail-services/login'),
  (1620, 'Déclaration de ressources annuelles auprès de la CAF', 12, 'Oui', 2726596.0, 2305016.0, 0.845382300861587, 7.8, 7.2, 0.52, 0.696969696969697, 7.5, 'Partielle', 0.82, '2024-05-28', 'FranceConnect', 0.0, 1.0, 689.0, 'https://wwwd.caf.fr/wps/myportal/caffr/moncompte/mesressources#/accueil'),
  (3104, 'Déclaration trimestrielle AAH (Allocation Adulte Handicapé)', 12, 'Oui', 951871.0, 792586.0, 0.832661148411917, 8.2, 7.7, 0.64, 0.666666666666667, 7.4, 'Partielle', 0.7241, '2023-04-19', 'FranceConnect', 2.0, 0.97097, 203.0, 'https://connect.caf.fr/connexionappli/dist/#/login'),
  (1789, 'Déclaration trimestrielle prime d''activité', 12, 'Oui', 16629817.0, 16402607.0, 0.986337191804336, 9.0, 8.2, 0.74, 0.769561478933792, 7.8, 'Partielle', 0.9298, '2025-06-11', 'FranceConnect', 3.0, 0.97098, 203.0, 'https://connect.caf.fr/connexionappli/dist/#/login'),
  (3103, 'Déclaration trimestrielle RSA', 12, 'Oui', 13052333.0, 12741169.0, 0.976160277246987, 8.8, 7.9, 0.68, 0.802535777052473, 7.8, 'Partielle', 0.9815, '2025-06-11', 'FranceConnect', 3.0, 0.97097, 203.0, 'https://connect.caf.fr/connexionappli/dist/#/login'),
  (1624, 'Déclarer un changement de situation pour les prestations familiales', 12, 'Oui', 20654598.0, 19354327.0, 0.937046898709914, 7.8, 7.4, 0.54, 0.686773455377574, 7.2, 'Partielle', 0.89, '2023-10-30', 'FranceConnect', 6.0, 0.97099, 203.0, 'https://connect.caf.fr/connexionappli/dist/#/login'),
  (1705, 'Demande d''aide au logement', 12, 'Oui', 1227817.0, 954918.0, 0.777736421632866, 6.7, 6.7, 0.52, 0.671291355389541, 7.2, 'Partielle', 0.7302, '2024-05-29', 'FranceConnect', 2.0, 1.0, 490.0, 'https://wwwd.caf.fr/wps/portal/caffr/aidesetservices/lesservicesenligne/faireunedemandedeprestation/demanderlaideaulogement'),
  (1706, 'Demande d''aide au logement pour les étudiants', 12, 'Oui', 658228.0, 658115.0, 0.999828326962694, 8.7, 8.4, 0.55, 0.67906976744186, 7.4, 'Partielle', 0.7302, '2024-05-29', 'FranceConnect', 10.0, 1.0, 490.0, 'https://wwwd.caf.fr/wps/portal/caffr/aidesetservices/lesservicesenligne/faireunedemandedeprestation/demanderlaideaulogement'),
  (2737, 'Demande d''allocation de soutien familial. d''intermédiation et d''aide au recouvrement des pensions alimentaires', 12, 'Oui', 425924.0, 401261.0, 0.942095303387459, 7.5, 7.1, 0.47, NULL, 7.4, 'Partielle', 0.96, '2024-06-13', 'FranceConnect', 0.0, 0.97097, 203.0, 'https://connect.caf.fr/connexionappli/dist/#/login'),
  (1701, 'Demande de complément de libre choix de mode de garde - Prestation d''accueil du jeune enfant (Paje)', 12, 'Oui', 371732.0, 357706.0, 0.962268516027676, 6.4, 6.1, 0.41, 0.700100300902708, 6.9, 'Partielle', 0.9123, '2023-07-20', 'FranceConnect', 0.0, 0.97098, 203.0, 'https://connect.caf.fr/connexionappli/dist/#/login'),
  (2760, 'Demande de prêt à l''amélioration de l''habitat (CAF)', 12, 'Non', NULL, NULL, NULL, NULL, NULL, NULL, NULL, NULL, '–', NULL, NULL, '–', NULL, NULL, NULL, NULL),
  (2424, 'Demande de prime à la naissance', 12, 'Oui', NULL, NULL, NULL, 6.3, 6.2, 0.45, NULL, NULL, 'Non conforme', NULL, '2022-05-01', 'FranceConnect', NULL, 0.97098, 203.0, 'https://connect.caf.fr/connexionappli/dist/#/login'),
  (1696, 'Demande de prime d''activité', 12, 'Oui', 1029211.0, 968083.0, 0.940606930940303, 8.3, 7.7, 0.58, 0.750704225352113, 7.8, 'Partielle', 0.9322, '2025-06-05', 'FranceConnect', 7.0, 1.0, 523.0, 'https://wwwd.caf.fr/wps/portal/caffr/aidesetservices/lesservicesenligne/faireunedemandedeprestation/demanderlaprimedactivite/'),
  (3102, 'Demande de Revenu de Solidarité Active (RSA)', 12, 'Oui', 751069.0, 553684.0, 0.737194585317727, 5.7, 5.6, 0.39, 0.644268774703557, 5.4, 'Partielle', 0.7, '2023-10-24', 'FranceConnect', 7.0, 1.0, 524.0, 'https://wwwd.caf.fr/wps/portal/caffr/aidesetservices/lesservicesenligne/faireunedemandedeprestation#/solidariteetactivite'),
  (3619, 'Vérifier vos droits à la prime d''activité (Simulateur CAF)', 12, 'Oui', 7209249.0, 7209249.0, 1.0, NULL, NULL, NULL, NULL, NULL, 'Partielle', 0.7321, '2024-06-25', 'Non applicable', NULL, 1.0, 282.0, 'https://www.caf.fr/wps/portal/caffr/simulateurpa/'),
  (46, 'Attestation de paiement d''indemnités journalières', 13, 'Oui', 47694566.0, 47694566.0, 1.0, NULL, NULL, NULL, NULL, NULL, 'Partielle', 0.76, '2025-09-05', 'FranceConnect', 0.0, 1.0, 179.0, 'https://assure.ameli.fr/PortailAS/appmanager/PortailAS/assure?_nfpb=true&_pageLabel=as_attestation_paiement_ij_page'),
  (2771, 'Carte vitale : perte et vol (tous régimes partenaires gérés par le régime général)', 13, 'Oui', 1928944.0, 1928944.0, 1.0, NULL, NULL, NULL, NULL, NULL, 'Partielle', 0.67, '2025-09-05', 'FranceConnect', 0.0, 1.0, 163.0, 'https://assure.ameli.fr/PortailAS/appmanager/PortailAS/assure?_nfpb=true&_pageLabel=as_pertevol_carte_vitale'),
  (45, 'Changement d''adresse (Ameli)', 13, 'Oui', 4993099.0, 4993099.0, 1.0, NULL, NULL, NULL, NULL, NULL, 'Partielle', 0.83, '2025-09-05', 'FranceConnect', 0.0, 1.0, 195.0, 'https://assure.ameli.fr/PortailAS/appmanager/PortailAS/assure?_nfpb=true&_pageLabel=as_mod_adresse_postale_page'),
  (2775, 'Chevauchement d’un organisme complémentaire', 13, 'Oui', 2448244.0, 2448244.0, 1.0, NULL, NULL, NULL, NULL, NULL, 'Partielle', 0.58, '2025-09-05', 'FranceConnect', 0.0, 1.0, 178.0, 'https://assure.ameli.fr/PortailAS/appmanager/PortailAS/assure?_nfpb=true&_pageLabel=as_infosbancaires_page'),
  (772, 'Déclarer une naissance (Ameli)', 13, 'Oui', 613269.0, 613269.0, 1.0, NULL, NULL, NULL, NULL, NULL, 'Partielle', 0.82, '2025-09-05', 'FranceConnect', 0.0, 1.0, 192.0, 'https://assure.ameli.fr/PortailAS/appmanager/PortailAS/assure?_nfpb=true&_pageLabel=as_declarer_naissance_page'),
  (1621, 'Demande de Complémentaire Santé Solidaire (CSS)', 13, 'Oui', 2974525.0, 2974525.0, 1.0, NULL, NULL, NULL, NULL, NULL, 'Partielle', 0.76, '2025-09-05', 'FranceConnect', 7.0, 1.0, 179.0, 'https://assure.ameli.fr/PortailAS/appmanager/PortailAS/assure?_nfpb=true&_pageLabel=as_demander_cmuc_page'),
  (2772, 'Demande de pension d''invalidité', 13, 'Oui', 55109.0, 55109.0, 1.0, NULL, NULL, NULL, NULL, NULL, 'Non conforme', 0.44, '2025-09-05', 'FranceConnect', 4.0, 1.0, 189.0, 'https://assure.ameli.fr/PortailAS/appmanager/PortailAS/assure?_somtc=true#'),
  (2851, 'Demander l''ouverture des droits à l''assurance maladie', 13, 'Non', NULL, NULL, NULL, NULL, NULL, NULL, NULL, NULL, '–', NULL, NULL, '–', NULL, NULL, NULL, NULL),
  (757, 'Demander une carte européenne d''assurance maladie (Ceam)', 13, 'Oui', 6237742.0, 6237742.0, 1.0, NULL, NULL, NULL, NULL, NULL, 'Partielle', 0.79, '2025-09-05', 'FranceConnect', 0.0, 1.0, 175.0, 'https://assure.ameli.fr/PortailAS/appmanager/PortailAS/assure?_nfpb=true&_pageLabel=as_carte_euro_assu_maladie_page'),
  (1699, 'Demander une carte vitale', 13, 'Oui', 2804104.0, 2804104.0, 1.0, NULL, NULL, NULL, NULL, NULL, 'Partielle', 0.79, '2025-09-05', 'FranceConnect', 0.0, 1.0, 179.0, 'https://assure.ameli.fr/PortailAS/appmanager/PortailAS/assure?_nfpb=true&_pageLabel=as_commande_vitale_page'),
  (2774, 'Mise à jour des coordonnées bancaires (Ameli)', 13, 'Oui', 1530939.0, 1530939.0, 1.0, NULL, NULL, NULL, NULL, NULL, 'Partielle', 0.67, '2025-09-05', 'FranceConnect', 0.0, 1.0, 178.0, 'https://assure.ameli.fr/PortailAS/appmanager/PortailAS/assure?_nfpb=true&_pageLabel=as_infosbancaires_page'),
  (44, 'Obtenir une attestation de droits (Ameli)', 13, 'Oui', 57694844.0, 57694844.0, 1.0, NULL, NULL, NULL, NULL, NULL, 'Partielle', 0.84, '2025-09-05', 'FranceConnect', 0.0, 1.0, 198.0, 'https://assure.ameli.fr/PortailAS/appmanager/PortailAS/assure?_nfpb=true&_pageLabel=as_accueil_page&_somtc=true'),
  (2773, 'Prise de rendez-vous (Ameli)', 13, 'Oui', 2550117.0, 2550117.0, 1.0, NULL, NULL, NULL, NULL, NULL, 'Partielle', 0.57, '2025-09-05', 'FranceConnect', 0.0, 1.0, 189.0, 'https://assure.ameli.fr/PortailAS/appmanager/PortailAS/assure?_somtc=true#'),
  (2853, 'Demande d''Aspa auprès de la Caisse nationale d''assurance vieillesse (Cnav)', 14, 'Non', NULL, NULL, NULL, NULL, NULL, NULL, NULL, NULL, '–', NULL, NULL, '–', NULL, NULL, NULL, NULL),
  (1707, 'Demande unique d’aide à l’autonomie des personnes agées', 14, 'En cours de déploiement local', 271968.0, 271968.0, 1.0, 7.9, 8.2, 0.66, NULL, NULL, 'Partielle', 0.847, '2025-01-06', 'FranceConnect', 13.0, 0.97942, 426.0, 'https://demande-autonomie.gouv.fr/?service=DUAPA&portail=3177&modeOuverture=onglet'),
  (3101, 'Établir un certificat de décès', 15, 'Oui', NULL, NULL, NULL, 8.8, 8.6, 0.85, 0.691823899371069, 8.6, 'Non conforme', NULL, '2022-06-21', 'Non applicable', 0.0, 0.99789, 150.0, 'https://sic.certdc.inserm.fr/'),
  (1703, 'Inscription au registre national des refus de dons d''organes', 15, 'Oui', 83490.0, 65315.0, 0.782309258593844, 8.8, 8.5, 0.86, NULL, NULL, 'Partielle', 0.91, '2024-09-11', 'Non', 5.0, 0.00474, 7582.0, 'https://www.registrenationaldesrefus.fr/'),
  (2928, 'Mon espace santé', 16, 'Oui', NULL, NULL, NULL, NULL, NULL, NULL, NULL, NULL, 'Partielle', 0.75, '2023-01-31', 'FranceConnect', NULL, 1.0, 191.0, 'https://www.monespacesante.fr/'),
  (2865, 'Simulateur de droits à l''aide au logement (PNDS)', 17, 'Oui', 89665.0, 89665.0, 1.0, 5.9, 6.3, 0.5, NULL, NULL, 'Partielle', 0.7241, '2025-06-26', 'FranceConnect', 2.0, 1.0, 146.0, 'https://www.mesdroitssociaux.gouv.fr/votre-simulateur/aide-logement'),
  (2866, 'Simulateur de droits à l''allocation pour adulte handicapé(e) (PNDS)', 17, 'Oui', 34857.0, 34857.0, 1.0, NULL, NULL, NULL, NULL, NULL, 'Partielle', 0.7241, '2025-06-26', 'FranceConnect', 4.0, 1.0, 153.0, 'https://www.mesdroitssociaux.gouv.fr/votre-simulateur/allocation-adulte-handicape'),
  (2867, 'Simulateur de droits à la complémentaire santé solidaire (PNDS)', 17, 'Oui', 226583.0, 226583.0, 1.0, 5.9, 6.3, 0.6, NULL, NULL, 'Partielle', 0.7241, '2025-06-26', 'FranceConnect', 0.0, 1.0, 151.0, 'https://www.mesdroitssociaux.gouv.fr/votre-simulateur/complementaire-sante-solidaire'),
  (2868, 'Simuler mes droits sociaux (PNDS)', 17, 'Oui', 3131738.0, 3131738.0, 1.0, 6.5, 6.5, 0.53, NULL, NULL, 'Partielle', 0.7241, '2025-06-26', 'FranceConnect', NULL, 1.0, 146.0, 'https://www.mesdroitssociaux.gouv.fr/vos-simulateurs/#/rsa-pa/foyer'),
  (2828, 'AAD - Paiement des cotisations sociales (Diffuseurs d’œuvres)', 18, 'Oui', 193636.0, 172818.0, 0.892488999979343, NULL, NULL, NULL, NULL, NULL, 'Non conforme', NULL, '2022-04-01', 'Non applicable', NULL, 0.0059, 6402.0, 'https://www.artistes-auteurs.urssaf.fr/aa/'),
  (2823, 'CEA - Emploi d''un salarié (Chèque Emploi Associatif)', 18, 'À venir', 534159.0, NULL, NULL, NULL, NULL, NULL, NULL, NULL, 'À venir', NULL, NULL, 'À venir', NULL, NULL, NULL, NULL),
  (1691, 'CESU - Créer son compte - Futur employeur (Chèque Emploi Service Universel)', 18, 'Oui', 283559.0, 279325.0, 0.985068363197783, 7.4, 7.3, 0.59, 0.615568862275449, 6.9, 'Partielle', 0.7887, '2025-07-17', 'FranceConnect', 1.0, 0.0055, 231.0, 'https://www.cesu.urssaf.fr/'),
  (1690, 'CESU - Déclarer les heures des volets sociaux (Chèque Emploi Service Universel)', 18, 'Oui', 19305380.0, 18863580.0, 0.977115187579835, 9.4, 9.2, 0.82, 0.790385091118991, 7.9, 'Partielle', 0.7887, '2025-07-17', 'FranceConnect', 0.0, 0.0051, 231.0, 'https://www.cesu.urssaf.fr/'),
  (2192, 'CESU - Obtenir une attestation fiscale (Chèque Emploi Service Universel)', 18, 'Oui', NULL, 1005346.0, NULL, 7.3, 7.3, 0.65, 0.721153846153846, 6.5, 'Partielle', 0.7887, '2025-07-17', 'FranceConnect', 0.0, 0.0057, 231.0, 'https://www.cesu.urssaf.fr/'),
  (2154, 'Microentrepreneur - Déclarer le chiffre d''affaires et payer les cotisations sociales', 18, 'Oui', 16284709.0, 16284709.0, 1.0, 7.5, 7.7, 0.69, 0.760217983651226, 7.1, 'Partielle', 0.6622, '2023-09-20', 'FranceConnect', 0.0, 0.0049, 196.0, 'https://www.autoentrepreneur.urssaf.fr/portail/accueil.html'),
  (2195, 'PAJE - Adhérer (Prestation d''Accueil du Jeune Enfant)', 18, 'Oui', 282224.0, 282224.0, 1.0, NULL, NULL, NULL, NULL, NULL, 'Non conforme', NULL, NULL, 'FranceConnect', 3.0, 0.0055, 6213.0, 'https://www.urssaf.fr/'),
  (2193, 'PAJE - Déclarer les heures de volets sociaux (Prestation d''Accueil du Jeune Enfant)', 18, 'Oui', 8599972.0, 8599972.0, 1.0, 6.4, 6.1, 0.61, 0.676646706586826, 6.9, 'Non conforme', NULL, NULL, 'FranceConnect', 0.0, 0.0057, 6213.0, 'https://www.urssaf.fr/'),
  (2194, 'PAJE - Obtenir une attestation fiscale (Prestation d''Accueil du Jeune Enfant)', 18, 'Oui', 601896.0, 601896.0, 1.0, NULL, NULL, NULL, NULL, NULL, 'Non conforme', NULL, NULL, 'FranceConnect', 0.0, 0.0059, 6213.0, 'https://www.urssaf.fr/'),
  (2826, 'PAM - paiement des cotisations (Praticiens et Auxiliaires Médicaux)', 18, 'Oui', 3626050.0, 3615020.0, 0.996958122474869, 4.7, 4.6, 0.57, 0.515625, 5.9, 'Partielle', 0.625, '2025-06-05', 'Non applicable', NULL, 0.0051, 221.0, 'https://www.urssaf.fr/'),
  (2824, 'SFE - déclaration des cotisations (Service Firmes Etrangères)', 18, 'À venir', 17056.0, NULL, NULL, NULL, NULL, NULL, NULL, NULL, 'À venir', NULL, NULL, 'À venir', NULL, NULL, NULL, NULL),
  (2825, 'SFE - paiement des cotisations  (Service Firmes Etrangères)', 18, 'À venir', NULL, NULL, NULL, NULL, NULL, NULL, NULL, NULL, 'À venir', NULL, NULL, 'À venir', NULL, NULL, NULL, NULL),
  (2475, 'Simulateur de revenus pour salarié', 18, 'Oui', 77054.0, 77054.0, 1.0, 7.7, 7.1, 0.68, 0.564814814814815, 8.1, 'Partielle', 0.619, '2025-05-15', 'Non applicable', NULL, 1.0, 119.0, 'https://mon-entreprise.urssaf.fr/simulateurs/salaire-brut-net'),
  (2829, 'TESE - déclaration des cotisations (Titre emploi service entreprise)', 18, 'À venir', NULL, NULL, NULL, NULL, NULL, NULL, NULL, NULL, 'À venir', NULL, NULL, 'À venir', NULL, NULL, NULL, NULL),
  (1658, 'URSSAF - Déclaration préalable à l''embauche (DPAE)', 18, 'Oui', 53557081.0, 53524986.0, 0.999400732836803, 8.5, 8.4, 0.78, 0.662420382165605, 7.4, 'Partielle', 0.5536, '2024-07-09', 'Non applicable', 0.0, 0.83876, 161.0, 'www.urssaf.fr'),
  (2155, 'URSSAF - Obtenir une attestation de vigilance (attestation de régularité)', 18, 'Oui', 5128460.0, 5128460.0, 1.0, 5.5, 5.8, 0.5, 0.742138364779874, 5.0, 'Partielle', 0.7037, '2024-07-09', 'Non applicable', 0.0, 0.0051, 221.0, 'https://www.urssaf.fr/'),
  (2830, 'Vérifier une attestation Urssaf', 18, 'Oui', 698110.0, 698110.0, 1.0, 5.7, 4.5, 0.42, 0.548192771084337, 5.5, 'Totale', 1.0, '2025-09-01', 'Non applicable', NULL, 0.0057, 248.0, 'https://www.urssaf.fr/portail/home/utile-et-pratique/verification-attestation.html'),
  (1617, 'Ma demande de compensation du handicap MDPH (mdphenligne.cnsa.fr)', 19, 'En cours de déploiement local', 1534053.0, 201461.0, 0.13132597113659, 5.9, 6.2, 0.4, 0.61188486536676, 6.0, 'Totale', 1.0, '2025-01-30', 'FranceConnect', 9.0, 0.99391, 153.0, 'https://mdphenligne.cnsa.fr/'),
  (1661, 'Chorus Pro - Remboursement de taxes', 20, 'Oui', 220000.0, 220000.0, 1.0, NULL, NULL, NULL, NULL, NULL, 'Partielle', 0.7747, '2024-11-05', 'Non applicable', 1.0, 1.0, 134.0, 'https://cpro.chorus-pro.gouv.fr/cpp/demandeRemboursement?execution=e2s1'),
  (2059, 'Demande d''aides aux bovins allaitants et laitiers (TéléPAC)', 21, 'Oui', 140000.0, 140000.0, 1.0, NULL, NULL, NULL, NULL, NULL, 'Non conforme', NULL, '2025-06-05', 'Non applicable', 0.0, 0.98088, 8826.0, 'https://www2.telepac.agriculture.gouv.fr/telepac/auth/accueil.action'),
  (2060, 'Demande d''aides aux ovins (TéléPAC)', 21, 'Oui', 24000.0, 24000.0, 1.0, NULL, NULL, NULL, NULL, NULL, 'Non conforme', NULL, '2025-06-05', 'Non applicable', 0.0, 0.98234, 8826.0, 'https://www2.telepac.agriculture.gouv.fr/telepac/auth/accueil.action'),
  (2058, 'Demande d''aides aux surfaces (TéléPAC)', 21, 'Oui', 340000.0, 340000.0, 1.0, 5.9, 5.6, 0.32, 0.905511811023622, 8.5, 'Non conforme', NULL, '2025-06-05', 'Non applicable', 0.0, 0.98234, 8826.0, 'https://www2.telepac.agriculture.gouv.fr/telepac/auth/accueil.action'),
  (1664, 'Demande d''indemnisation des pertes - Procédure des calamités agricoles', 22, 'Partiel', 4043.0, 1241.0, 0.306950284442246, 7.5, 7.5, 0.54, 0.784530386740332, 8.7, 'Non conforme', NULL, NULL, 'FranceConnect', 0.0, 1.0, 938.0, 'https://ecoagri.agriculture.gouv.fr/calamnat-usager/'),
  (2757, 'Attestations professionnelles (MSA)', 23, 'Oui', NULL, 333163.0, NULL, 7.4, 7.5, 0.7, 0.504854368932039, 6.5, 'Non conforme', 0.29, '2024-11-22', 'FranceConnect', 0.0, 1.0, 267.0, 'https://monespaceprive.msa.fr/lfp/o/delegate/bookmark?codeServiceFct=N71ATTEXT'),
  (1671, 'Déclaration de situation pour les prestations familiales et les aides au logement', 23, 'Oui', 457906.0, 401672.0, 0.877193135709076, 6.8, 6.6, 0.54, 0.75, 6.5, 'Partielle', 0.9167, '2024-06-04', 'FranceConnect', 2.0, 1.0, 244.0, 'https://monespaceprive.msa.fr/lfp/o/delegate/bookmark?codeServiceFct=DCLCHGSIT'),
  (2755, 'Déclaration Préalable à l''Embauche - DPAE (MSA)', 23, 'Oui', 1636695.0, 1513502.0, 0.924730630936124, NULL, NULL, NULL, NULL, NULL, 'Non conforme', NULL, NULL, 'FranceConnect', 1.0, 1.0, 239.0, 'https://monespaceprive.msa.fr/lfp/o/delegate/bookmark?codeServiceFct=K28DPAEWEB'),
  (1819, 'Déclaration trimestrielle de prime d’activité pour les assurés du régime agricole', 23, 'Oui', 604120.0, 550480.0, 0.91120969343839, 8.3, 7.9, 0.67, 0.866336633663366, 7.4, 'Non conforme', 0.413, '2025-06-25', 'FranceConnect', 0.0, 1.0, 254.0, 'https://monespaceprive.msa.fr/lfp/o/delegate/bookmark?codeServiceFct=PW3DMPAC'),
  (2756, 'Déclarer une modification des données du contrat de travail (MSA)', 23, 'Oui', NULL, 5057.0, NULL, NULL, NULL, NULL, NULL, NULL, 'Non conforme', NULL, NULL, 'FranceConnect', 0.0, 1.0, 260.0, 'https://monespaceprive.msa.fr/lfp/o/delegate/bookmark?codeServiceFct=k28carasweb'),
  (2244, 'Demande d''aide au logement (MSA)', 23, 'Oui', 71269.0, 22247.0, 0.312155355063211, NULL, NULL, NULL, NULL, NULL, 'Partielle', 0.7143, '2025-06-04', 'FranceConnect', 3.0, 1.0, 247.0, 'https://monespaceprive.msa.fr/lfp/o/delegate/bookmark?codeServiceFct=PL1SELPLOG'),
  (2752, 'Demande de carte européenne d''assurance maladie (MSA)', 23, 'Oui', 92749.0, 91740.0, 0.989121176508642, 9.0, 8.9, 0.83, 0.743362831858407, 8.0, 'Partielle', 0.5714, '2023-04-12', 'FranceConnect', 0.0, 1.0, 236.0, 'https://monespaceprive.msa.fr/lfp/o/delegate/bookmark?codeServiceFct=DMDCEAM'),
  (1820, 'Demande de Complémentaire Santé Solidaire (CSS) pour les assurés du régime agricole', 23, 'Oui', 237266.0, 237266.0, 1.0, 8.6, 8.1, 0.62, 0.857142857142857, 7.9, 'Non conforme', 0.425, '2023-04-12', 'FranceConnect', 2.0, 1.0, 262.0, 'https://monespaceprive.msa.fr/lfp/o/delegate/bookmark?codeServiceFct=B45CMUCDMD'),
  (2753, 'Modification des coordonnées médiatiques (MSA)', 23, 'Oui', NULL, 756046.0, NULL, 8.8, 8.4, 0.64, 0.821652786675208, 8.4, 'Partielle', 0.8684, '2024-12-13', 'FranceConnect', 1.0, 1.0, 242.0, 'https://monespaceprive.msa.fr/lfp/o/delegate/bookmark?codeServiceFct=GCMEXT'),
  (2758, 'Télérèglement de factures (MSA)', 23, 'Oui', NULL, 70406.0, NULL, NULL, NULL, NULL, NULL, NULL, 'Non conforme', NULL, NULL, 'FranceConnect', 0.0, 1.0, 241.0, 'https://monespaceprive.msa.fr/lfp/o/delegate/bookmark?codeServiceFct=F30TSFFAC'),
  (2706, 'Titre emploi simplifié agricole - Tesa - simplifié (MSA)', 23, 'Oui', 1105501.0, 1105501.0, 1.0, 6.5, 6.2, 0.57, 0.807453416149068, 6.7, 'Partielle', 0.5918, '2023-11-07', 'FranceConnect', 3.0, 1.0, 248.0, 'https://monespaceprive.msa.fr/lfp/o/delegate/bookmark?codeServiceFct=K18TESAWEB'),
  (1666, 'Titre emploi simplifié agricole + - Tesa + (MSA)', 23, 'Oui', NULL, 433013.0, NULL, 5.0, 4.6, 0.51, NULL, NULL, 'Non conforme', NULL, NULL, 'FranceConnect', 3.0, 1.0, 241.0, 'https://monespaceprive.msa.fr/lfp/o/delegate/bookmark?codeServiceFct=K19TESAWEB'),
  (2735, 'Aide à l''investissement', 24, 'Oui', 489.0, 376.0, 0.768916155419223, NULL, NULL, NULL, NULL, NULL, 'Partielle', 0.931, '2025-04-15', 'FranceConnect', 0.0, 1.0, 175.0, 'https://www.demarches-simplifiees.fr/commencer/aide-investissement-2024'),
  (2733, 'Aide à la transmission. à l’action culturelle et territoriale. à la langue française et aux langues de France', 24, 'Oui', 12410.0, 11282.0, 0.909105560032232, NULL, NULL, NULL, NULL, NULL, 'Partielle', 0.931, '2025-04-15', 'FranceConnect', 0.0, 1.0, 242.0, 'https://www.demarches-simplifiees.fr/commencer/aide_transmission-action-lflf'),
  (2731, 'Aide au projet ou au fonctionnement – Création artistique', 25, 'Oui', 4384.0, 3985.0, 0.908987226277372, NULL, NULL, NULL, NULL, NULL, 'Partielle', 0.931, '2025-04-15', 'FranceConnect', 0.0, 1.0, 229.0, 'https://www.demarches-simplifiees.fr/commencer/aide-projet-fonctionnement_creation-artistique-2024'),
  (2736, 'Aide au livre. à la lecture et aux industries culturelles', 26, 'Oui', 854.0, 776.0, 0.908665105386417, NULL, NULL, NULL, NULL, NULL, 'Partielle', 0.931, '2025-04-15', 'FranceConnect', 0.0, 1.0, 205.0, 'https://www.demarches-simplifiees.fr/commencer/aide-livre-lecture-2024'),
  (1998, 'Fonds de soutien aux médias d''information sociale de proximité (FSMISP)', 26, 'Oui', 244.0, 222.0, 0.909836065573771, NULL, NULL, NULL, NULL, NULL, 'Partielle', 0.931, '2025-04-15', 'FranceConnect', 0.0, 1.0, 189.0, 'https://www.demarches-simplifiees.fr/commencer/presse_medias-proximite-2024'),
  (2732, 'Aide au projet ou au fonctionnement - Patrimoines et architecture', 27, 'Oui', 2313.0, 1779.0, 0.769130998702983, NULL, NULL, NULL, NULL, NULL, 'Partielle', 0.931, '2025-04-15', 'FranceConnect', 0.0, 1.0, 229.0, 'https://www.demarches-simplifiees.fr/commencer/aide-projet-fonctionnement_patrimoine-2024'),
  (1766, 'Demander le crédit du pass Culture', 28, 'Oui', NULL, NULL, NULL, 7.8, NULL, NULL, NULL, NULL, 'Partielle', 0.85, '2023-02-13', 'Non applicable', 1.0, 1.0, 235.0, 'https://passculture.app/accueil'),
  (2429, 'Prestation éducation – aide à l’éducation', 29, 'Oui', 4932.0, 4639.0, 0.940592051905921, 8.6, 8.6, 0.79, NULL, NULL, 'Non conforme', NULL, '2025-03-18', 'FranceConnect', 9.0, 1.0, 381.0, 'https://www.igesa.fr/e-social-des-armees/nos-offres-sociales/prestation-education'),
  (2491, 'Subvention interministérielle pour le séjour de mon enfant en centre de loisirs sans hébergement', 29, 'Oui', 10616.0, 10311.0, 0.971269781461944, NULL, NULL, NULL, NULL, NULL, 'Non conforme', NULL, '2025-03-18', 'FranceConnect', 12.0, 1.0, 466.0, 'https://www.igesa.fr/e-social-des-armees/nos-offres-sociales/la-subvention-interministerielle-pour-le-sejour-de-mon-enfant-en-centre-de-loisirs-sans-hebergement'),
  (1771, 'Recensement Citoyen Obligatoire', 30, 'Oui', NULL, 112586.0, NULL, 6.9, 7.3, 0.63, 0.538793103448276, 6.9, 'Partielle', 0.86, '2024-12-06', 'FranceConnect', 5.0, 1.0, 184.0, 'https://www.service-public.gouv.fr/particuliers/vosdroits/R2054'),
  (1799, 'Demande de recherche administrative (créatrice de droits)', 31, 'Oui', NULL, NULL, NULL, 9.3, 8.8, 0.69, 0.607375271149675, 8.3, 'Partielle', 0.79, '2023-11-30', 'Non', 7.0, 0.99788, 1196.0, 'https://www.servicehistorique.sga.defense.gouv.fr/demarche/demande-de-documents-administratifs'),
  (1844, 'Créer son compte sur le site majdc.fr', 32, 'Oui', NULL, NULL, NULL, 7.9, 7.4, 0.66, 0.687962340282448, 7.9, 'Partielle', 0.63, '2024-11-20', 'FranceConnect', 1.0, 0.963, 223.0, 'https://presaje.sga.defense.gouv.fr/'),
  (1831, 'Mettre à jour ses données personnelles pour la Journée Défense et Citoyenneté', 32, 'Oui', NULL, NULL, NULL, 7.9, 7.7, 0.62, 0.566371681415929, 7.9, 'Partielle', 0.63, '2024-11-20', 'FranceConnect', 2.0, 0.963, 223.0, 'https://presaje.sga.defense.gouv.fr/'),
  (2232, 'Aide sociale aux ressortissants du code des pensions militaires d''invalidité et des victimes de guerre (CPMIVG)', 33, 'Oui', 30503.0, 578.0, 0.0189489558404091, NULL, NULL, NULL, NULL, NULL, 'Non conforme', NULL, '2022-08-10', 'FranceConnect', 16.0, 0.23808, 178.0, 'https://www.onac-vg.fr/demarches/demander-une-aide-financiere'),
  (1627, 'Demande de carte du combattant et du titre de reconnaissance de la Nation', 33, 'Oui', 12623.0, 6844.0, 0.54218490057831, 9.6, 8.8, 0.76, NULL, NULL, 'Non conforme', NULL, '2022-08-10', 'FranceConnect', 9.0, 0.23799, 176.0, 'https://www.onac-vg.fr/user/login'),
  (2995, 'Chorus Pro - Factures émises', 34, 'Oui', 84500000.0, 82000000.0, 0.970414201183432, 4.0, 3.6, 0.42, 0.555980861244019, 5.5, 'Partielle', 0.8333, '2024-11-05', 'Non applicable', 0.0, 1.0, 139.0, 'https://cpro.chorus-pro.gouv.fr/cpp/rechercheFacturesEmises?execution=e3s1'),
  (3055, 'Déclaration d’Échanges de Biens Intracommunautaires (DEB)', 35, 'Oui', 879426.0, 879426.0, 1.0, 8.3, 7.8, 0.7, NULL, NULL, 'Non conforme', 0.43, '2025-02-20', 'Non applicable', 0.0, 0.99339, 793.0, 'https://www.douane.gouv.fr/service-en-ligne/echanges-intra-ue-de-biens-debweb2-ex-deb'),
  (3008, 'Déclaration de transit douanier (Delta-T)', 35, 'Oui', 3187383.0, 3187383.0, 1.0, NULL, NULL, NULL, NULL, NULL, 'Non conforme', 0.38, '2023-03-17', 'Non applicable', 0.0, 0.99235, 788.0, 'https://www.douane.gouv.fr/service-en-ligne/declaration-de-transit-douanier-delta-t'),
  (3005, 'Déclaration en douane – Fret traditionnel (DELTA G)', 35, 'Oui', 12755785.0, 12755785.0, 1.0, NULL, NULL, NULL, NULL, NULL, 'Non conforme', 0.35, '2025-04-01', 'Non applicable', 0.0, 0.99076, 799.0, 'https://www.douane.gouv.fr/service-en-ligne/declaration-en-douane-fret-traditionnel-delta-g'),
  (3056, 'Déclaration mensuelle des opérations de service pour lesquelles la TVA est acquittée par le preneur établi dans un autre État membre (DES)', 35, 'Oui', 508195.0, 507966.0, 0.9995493855705, 8.0, 7.7, NULL, NULL, NULL, 'Non conforme', 0.44, '2024-03-07', 'Non applicable', 0.0, 0.99208, 571.0, 'https://www.douane.gouv.fr/service-en-ligne/declaration-europeenne-de-services-des'),
  (3004, 'Déclarations de contributions indirectes (alcool et tabacs) (CIEL)', 35, 'Oui', 1072353.0, 1036296.0, 0.966375810950312, NULL, NULL, NULL, NULL, NULL, 'Partielle', 0.6, '2022-12-01', 'Non applicable', 0.0, 0.99233, 882.0, 'https://www.douane.gouv.fr/service-en-ligne/declaration-fiscale-sur-les-vins-et-alcools-ciel'),
  (3043, 'Détaxe électronique pour les touristes : consultation bordereaux de vente en détaxe par les indépendants (PABLO-I )', 35, 'Partiel', 6818122.0, 6748334.0, 0.989764336865782, NULL, NULL, NULL, NULL, NULL, 'Non conforme', 0.43, '2024-07-18', 'Non applicable', 3.0, 0.99471, 783.0, 'https://www.douane.gouv.fr/service-en-ligne/gestion-de-bordereaux-de-vente-en-detaxe-pablo-i'),
  (3040, 'Gestion de l’Accompagnement des Mouvements de Marchandises soumises à Accises (EMCS-GAMMA)', 35, 'Oui', 5124622.0, 5124622.0, 1.0, NULL, NULL, NULL, NULL, NULL, 'Partielle', 0.6, '2024-04-15', 'Non applicable', 0.0, 0.00112, 473.0, 'https://www.douane.gouv.fr/service-en-ligne/gamma2'),
  (123, 'Dépôts de compte et dépôts d’actes (entreprises)', 36, 'Oui', 1075455.0, 1075455.0, 1.0, NULL, NULL, NULL, NULL, NULL, 'Non conforme', NULL, '2025-08-01', 'FranceConnect +', 3.0, 1.0, 181.0, 'https://procedures.inpi.fr/?/'),
  (2343, 'Formalités des entreprises (création. modification. cessation)', 36, 'Oui', 3186905.0, 3186905.0, 1.0, 5.5, 5.1, 0.22, 0.813261517544318, 5.5, 'Non conforme', NULL, '2025-08-01', 'FranceConnect +', 6.0, 1.0, 201.0, 'https://procedures.inpi.fr/?/'),
  (3066, 'Achat de timbre fiscal', 37, 'Oui', 8872493.0, 6627042.0, 0.746919946851466, 9.5, 9.2, 0.81, 0.744128553770087, 8.2, 'Partielle', 0.89, '2023-04-25', 'Non applicable', 0.0, 1.0, 412.0, 'https://timbres.impots.gouv.fr/'),
  (1761, 'Consultation du plan cadastral', 37, 'Oui', 27700000.0, 27700000.0, 1.0, 4.3, 4.0, 0.56, 0.458333333333333, 5.1, 'Non conforme', NULL, '2024-10-18', 'Non applicable', 0.0, 1.0, 144.0, 'https://www.cadastre.gouv.fr/'),
  (3062, 'Déclaration de résultat BIC. IS. BA pour régime RSI. BNC et RF des SCI déposant une 2072 C. TS (ACQUI EFI PRO)', 37, 'Oui', 10036597.0, 10036597.0, 1.0, 6.7, 6.5, 0.58, 0.646853146853147, 6.7, 'Partielle', 0.76, '2025-07-03', 'Non applicable', 4.0, 1.0, 166.0, 'https://www.impots.gouv.fr/'),
  (3059, 'Déclaration des revenus', 37, 'Oui', 40514197.0, 35777609.0, 0.883088192516811, 7.9, 7.3, 0.62, 0.716190042155634, 7.9, 'Non conforme', NULL, '2025-05-22', 'FranceConnect', 0.0, 1.0, 166.0, 'https://www.impots.gouv.fr/'),
  (3061, 'Déclarer la TVA', 37, 'Oui', 35227469.0, 35227469.0, 1.0, 7.0, 7.1, 0.71, 0.782051282051282, 6.9, 'Partielle', 0.76, '2025-07-03', 'Non applicable', 4.0, 1.0, 166.0, 'https://www.impots.gouv.fr/'),
  (3537, 'Demande de relevé de propriété', 37, 'Non', 1700000.0, NULL, NULL, NULL, NULL, NULL, NULL, NULL, '–', NULL, NULL, '–', NULL, NULL, NULL, NULL),
  (2726, 'Formalité de l''enregistrement en ligne (dons. cessions de droits sociaux)', 37, 'Oui', 301425.0, 287583.0, 0.954078128887783, 9.3, 9.0, 0.71, 0.829021372328459, 8.6, 'Partielle', 0.963, '2024-04-17', 'FranceConnect', 0.0, 1.0, 166.0, 'https://www.impots.gouv.fr/'),
  (2490, 'Gérer Mes Biens Immobiliers – Déclaration d’occupation', 37, 'Oui', 14734720.0, 14734720.0, 1.0, 5.1, 5.0, 0.63, 0.569428238039673, 6.1, 'Non conforme', NULL, '2023-01-16', 'FranceConnect', 3.0, 1.0, 166.0, 'https://www.impots.gouv.fr/'),
  (2042, 'Gérer mon prélèvement à la source', 37, 'Oui', 6499544.0, 6499544.0, 1.0, 8.4, 7.9, 0.6, 0.831351928059747, 8.6, 'Partielle', 0.82, '2023-10-30', 'FranceConnect', 0.0, 1.0, 166.0, 'https://www.impots.gouv.fr/'),
  (3065, 'Paiement amendes (Amendes)', 37, 'Oui', 27441412.0, 20522172.0, 0.74785408272723, 6.8, 7.3, 0.84, 0.331618962432916, 4.2, 'Partielle', 0.93, '2023-04-14', 'Non applicable', 0.0, 1.0, 158.0, 'https://www.amendes.gouv.fr/'),
  (3060, 'Paiement impôts particuliers', 37, 'Oui', NULL, NULL, NULL, 6.7, 7.3, 0.72, 0.545893719806763, 6.5, 'Partielle', 0.6596, '2023-03-23', 'FranceConnect', 0.0, 1.0, 167.0, 'https://cfspart-idp.impots.gouv.fr/'),
  (3067, 'Rechercher des transactions immobilières', 37, 'Oui', 2435167.0, 2435167.0, 1.0, 8.3, 8.3, 0.88, NULL, NULL, 'Partielle', 0.875, '2025-08-19', 'FranceConnect', 0.0, 1.0, 166.0, 'https://www.impots.gouv.fr/'),
  (3611, 'Remboursement de timbres électroniques', 37, 'Oui', 191811.0, 137656.0, 0.71766478460568, 9.5, 9.1, 0.78, NULL, NULL, 'Partielle', 0.89, '2023-04-25', 'Non applicable', 0.0, 1.0, 412.0, 'https://timbres.impots.gouv.fr/'),
  (3081, 'Recherche. consultation de brevets (Base brevets)', 38, 'Oui', 773579.0, 773579.0, 1.0, 5.7, NULL, NULL, NULL, NULL, 'Non conforme', NULL, '2025-09-10', 'Non applicable', 0.0, 1.0, 418.0, 'https://data.inpi.fr/'),
  (2225, 'Recherche. consultation de données relatives aux entreprises', 38, 'Oui', 6728783.0, 6728783.0, 1.0, 5.7, 5.2, 0.38, 0.756578947368421, 4.0, 'Non conforme', NULL, '2025-09-10', 'Non applicable', 0.0, 1.0, 418.0, 'https://data.inpi.fr/'),
  (3082, 'Recherche. consultation de modèles (Base dessins et modèles)', 38, 'Oui', 228230.0, 228230.0, 1.0, NULL, NULL, NULL, NULL, NULL, 'Non conforme', NULL, '2025-09-10', 'Non applicable', 0.0, 1.0, 418.0, 'https://data.inpi.fr/'),
  (3080, 'Recherche. consultation des marques en vigueur en France (Base marques)', 38, 'Oui', 2862411.0, 2862411.0, 1.0, 6.9, 6.5, 0.66, NULL, NULL, 'Non conforme', NULL, '2025-09-10', 'Non applicable', 0.0, 1.0, 418.0, 'https://data.inpi.fr/'),
  (3069, 'Recensement de la population', 39, 'Oui', 9004245.0, 6962571.0, 0.773254281730451, 7.7, 8.0, 0.92, 0.686977299880526, 7.8, 'Partielle', 0.88, '2024-12-13', 'Non applicable', NULL, 0.99552, 213.0, 'https://www.le-recensement-et-moi.fr/'),
  (1997, 'Choisir le service public', 40, 'Oui', 2003820.0, 73424.0, 0.0366420137537304, NULL, NULL, NULL, NULL, NULL, 'Non conforme', NULL, '2022-05-18', 'FranceConnect', 3.0, 0.99577, 351.0, 'https://choisirleservicepublic.gouv.fr/'),
  (3084, 'S’inscrire à une formation au CNED', 41, 'Partiel', NULL, NULL, NULL, 8.1, 7.7, 0.46, 0.892744479495268, 8.2, 'Partielle', 0.93, '2024-11-25', 'FranceConnect', 1.0, 1.0, 151.0, 'https://www.cned.fr/compte'),
  (1681, 'Demande de bourse d''enseignement supérieur sur critères sociaux (BCS)', 42, 'Oui', NULL, NULL, NULL, NULL, NULL, NULL, NULL, NULL, 'Non conforme', NULL, NULL, 'FranceConnect', 0.0, 0.99894, 421.0, 'https://www.messervices.etudiant.gouv.fr/depotPVE//?idEtudiantPVE=3110718'),
  (1680, 'Paiement de la contribution de vie étudiante et de campus (CVEC)', 42, 'Oui', NULL, NULL, NULL, 6.6, 7.0, 0.63, 0.484732824427481, 5.3, 'Partielle', 0.963, '2023-04-12', 'FranceConnect', 0.0, 0.99632, 311.0, 'https://cvec.etudiant.gouv.fr/'),
  (3086, 'Inscription à l''entrée au collège', 43, 'Oui', 624750.0, 81428.0, 0.13033693477391, 9.0, 8.8, 0.83, NULL, 8.1, 'Non conforme', NULL, '2022-05-03', 'FranceConnect', 0.0, 1.0, 154.0, 'https://teleservices.education.gouv.fr/'),
  (1731, 'Inscription en 5ème. 4ème ou 3ème', 43, 'Oui', 1907413.0, 241932.0, 0.12683776402908, 8.8, 8.8, 0.86, 0.827225130890052, 8.1, 'Non conforme', NULL, '2022-05-03', 'FranceConnect', 0.0, 1.0, 154.0, 'https://teleservices.education.gouv.fr/'),
  (1732, 'Orientation en fin de collège', 43, 'Oui', 716562.0, 506415.0, 0.70672879667077, 8.2, 7.3, 0.65, 0.803251121076233, 7.9, 'Non conforme', NULL, '2021-12-03', 'FranceConnect', 0.0, 1.0, 154.0, 'https://teleservices.education.gouv.fr/'),
  (1683, 'Demande de logement en cité universitaire', 44, 'Oui', NULL, NULL, NULL, NULL, NULL, NULL, NULL, NULL, 'Partielle', 0.8036, '2023-04-12', 'FranceConnect', 0.0, 1.0, 323.0, 'https://trouverunlogement.lescrous.fr'),
  (3100, 'Admission dans l''enseignement supérieur (Parcoursup)', 45, 'Oui', NULL, NULL, NULL, 5.4, 5.7, 0.35, 0.612448770491803, 6.2, 'Non conforme', NULL, '2023-12-20', 'Non applicable', 0.0, 1.0, 171.0, 'https://www.parcoursup.gouv.fr'),
  (2858, 'Candidater en première année de master (Mon Master)', 45, 'Oui', NULL, NULL, NULL, 6.0, 5.8, 0.47, NULL, NULL, 'Partielle', 0.7424, '2025-06-06', 'Non', 6.0, 1.0, 160.0, 'https://candidature.monmaster.gouv.fr/'),
  (828, 'Changement de coordonnées ou de situation personnelle en cours de scolarité (école)', 46, 'Non', NULL, NULL, NULL, NULL, NULL, NULL, NULL, NULL, '–', NULL, NULL, '–', NULL, NULL, NULL, NULL),
  (1741, 'Autorisations de sortie scolaire (école. collège et lycée)', 47, 'Oui', NULL, 1578.0, NULL, NULL, NULL, NULL, NULL, NULL, 'Partielle', 0.68, '2024-12-13', 'FranceConnect', 0.0, 1.0, 154.0, 'https://teleservices.education.gouv.fr/'),
  (3085, 'Cession de droit à l''image (école. collège et lycée)', 47, 'Oui', NULL, 1578.0, NULL, NULL, NULL, NULL, NULL, NULL, 'Partielle', 0.68, '2022-12-13', 'FranceConnect', 0.0, 1.0, 154.0, 'https://teleservices.education.gouv.fr/'),
  (3087, 'Changement de coordonnées ou de situation personnelle en cours de scolarité (collège et lycée)', 47, 'Oui', NULL, NULL, NULL, 7.4, 6.7, 0.51, 0.759259259259259, 7.5, 'Partielle', 0.8, '2022-11-21', 'FranceConnect', 1.0, 1.0, 154.0, 'https://teleservices.education.gouv.fr/'),
  (1740, 'Consulter le livret scolaire unique (école et collège)', 47, 'Oui', NULL, 12721435.0, NULL, 7.4, 6.3, 0.61, 0.727938834023574, 6.8, 'Non conforme', NULL, '2021-12-03', 'FranceConnect', 0.0, 1.0, 154.0, 'https://teleservices.education.gouv.fr/'),
  (2972, 'Demande de bourse (collège et lycée)', 47, 'Oui', 2981922.0, 605056.0, 0.202908057286542, 9.3, 9.1, 0.78, NULL, NULL, 'Non conforme', NULL, '2022-03-01', 'FranceConnect', 0.0, 1.0, 154.0, 'https://teleservices.education.gouv.fr/'),
  (3089, 'Demande de certificat de scolarité (collège et lycée)', 47, 'Oui', NULL, 629517.0, NULL, 5.8, 5.7, 0.51, 0.797927461139896, 7.1, 'Partielle', 0.8, '2022-11-21', 'FranceConnect', 0.0, 1.0, 154.0, 'https://teleservices.education.gouv.fr/'),
  (3098, 'Paiement lié à la scolarité (collège et lycée)', 47, 'Oui', NULL, 1414883.0, NULL, 7.8, 7.5, 0.82, NULL, NULL, 'Partielle', 0.8, '2023-09-19', 'FranceConnect', 0.0, 1.0, 154.0, 'https://teleservices.education.gouv.fr/'),
  (1742, 'Consulter le livret scolaire (lycée)', 48, 'Oui', NULL, 3021741.0, NULL, 6.6, 6.0, 0.61, 0.650887573964497, 6.3, 'Non conforme', NULL, '2021-12-06', 'FranceConnect', 0.0, 1.0, 154.0, 'https://teleservices.education.gouv.fr/'),
  (3093, 'Formuler des vœux d''affectation ou de poursuite post 3ème', 48, 'Oui', 882323.0, 519753.0, 0.589073389223674, 6.9, 6.2, 0.61, 0.661660777385159, 6.8, 'Non conforme', NULL, '2021-12-03', 'FranceConnect', 0.0, 1.0, 154.0, 'https://teleservices.education.gouv.fr/'),
  (3094, 'Inscription à l''entrée au lycée', 48, 'Oui', 631988.0, 236209.0, 0.373755514345209, 8.9, 8.5, 0.81, 0.696969696969697, 7.8, 'Non conforme', NULL, '2022-05-03', 'FranceConnect', 0.0, 1.0, 154.0, 'https://teleservices.education.gouv.fr/'),
  (3096, 'Inscription en 2e ou 3e année de lycée', 48, 'Oui', 1136946.0, 189668.0, 0.166822346883669, 8.8, 8.7, 0.85, NULL, 7.6, 'Non conforme', NULL, '2022-05-03', 'FranceConnect', 0.0, 1.0, 154.0, 'https://teleservices.education.gouv.fr/'),
  (1733, 'Orientation au lycée', 48, 'Oui', 450716.0, 341522.0, 0.757732141747797, 7.6, 6.9, 0.63, 0.722961730449251, 7.1, 'Non conforme', NULL, '2021-12-03', 'FranceConnect', 0.0, 1.0, 154.0, 'https://teleservices.education.gouv.fr/'),
  (3099, 'Demande d''attestation de diplôme', 49, 'Partiel', NULL, NULL, NULL, 2.9, 3.9, 0.44, 0.382352941176471, NULL, 'Partielle', 0.752, '2025-05-20', 'FranceConnect', 1.0, 0.98254, 176.0, 'https://candidat.examens-concours.gouv.fr/cyccandidat/portal/attestations'),
  (1743, 'Vérifier une attestation de diplôme d''un candidat', 49, 'Partiel', NULL, NULL, NULL, NULL, NULL, NULL, NULL, NULL, 'Partielle', 0.752, '2025-05-20', 'FranceConnect', 1.0, 0.98255, 274.0, 'https://diplome.gouv.fr/sanddiplome/verif'),
  (1744, 'Demande de subvention en ligne pour une association et services associés', 50, 'Oui', NULL, NULL, NULL, NULL, NULL, NULL, NULL, NULL, 'Non conforme', NULL, NULL, 'Non', 5.0, 1.0, 174.0, 'https://lecompteasso.associations.gouv.fr/client/login'),
  (3658, 'Recevoir son pass Sport', 51, 'Démarche proactive', NULL, NULL, NULL, NULL, NULL, NULL, NULL, NULL, 'Démarche proactive', NULL, NULL, 'Démarche proactive', NULL, NULL, NULL, NULL),
  (3659, 'Récupérer son code pass Sport', 51, 'Oui', NULL, NULL, NULL, NULL, NULL, NULL, NULL, NULL, 'Non conforme', NULL, NULL, 'Non', NULL, 1.0, NULL, 'https://www.pass.sports.gouv.fr/v2/test-eligibilite'),
  (3660, 'Tester son éligibilité au pass Sport', 51, 'Oui', NULL, NULL, NULL, 5.1, 5.5, 0.47, 0.699065420560748, 6.8, 'Non conforme', NULL, NULL, 'Non', NULL, 1.0, NULL, 'https://www.pass.sports.gouv.fr/v2/accueil'),
  (1738, 'Consulter et suivre son dossier d''infraction routière', 52, 'Oui', 4417480.0, 4417480.0, 1.0, 2.6, 3.6, 0.36, 0.572402044293015, 3.6, 'Partielle', 0.835, '2024-05-28', 'Non applicable', 1.0, 1.0, 159.0, 'https://www.antai.gouv.fr/particulier/suivre-mon-dossier-infraction/'),
  (1737, 'Contestation d’avis de contravention et désignation de conducteur (infractions relevées par radars ou Pve)', 52, 'Oui', 5325526.0, 3767072.0, 0.707361488799416, 8.5, 8.6, 0.8, 0.767994858611825, 7.7, 'Partielle', 0.835, '2024-05-28', 'Non applicable', 1.0, 0.99841, 162.0, 'https://www.usagers.antai.gouv.fr/demarches/saisienumero?lang=fr'),
  (1629, 'Demande de regroupement familial (ressortissants étrangers)', 53, 'Oui', 31494.0, 4181.0, 0.132755445481679, 9.6, 9.2, 0.63, 0.742738589211618, 8.6, 'Partielle', 0.828, '2023-05-11', 'Non applicable', 1.0, 1.0, 430.0, 'https://etrangers-en-france.interieur.gouv.fr/vivre-en-france/le-regroupement-familial'),
  (1772, 'Demande de titre de séjour', 53, 'Partiel', 1233819.0, 1233819.0, 1.0, 7.1, 7.0, 0.38, 0.562565720294427, 6.2, 'Non conforme', 0.32, '2024-05-06', 'Non', 14.0, 1.0, 385.0, 'https://administration-etrangers-en-france.interieur.gouv.fr/particuliers/#/sejour/triage-demandeur'),
  (1630, 'Demande de Visa long séjour (séjour de 4 mois à un an)', 53, 'Oui', 389544.0, 389544.0, 1.0, NULL, NULL, NULL, NULL, NULL, 'Non conforme', NULL, NULL, 'Non applicable', NULL, 0.99261, 195.0, 'http://application-form.france-visas.gouv.fr/'),
  (336, 'Demande de Visa Schengen court séjour (séjour de 3 mois maximum)', 53, 'Oui', 3096731.0, 3096731.0, 1.0, NULL, NULL, NULL, NULL, NULL, 'Non conforme', NULL, NULL, 'Non applicable', NULL, 0.99356, 204.0, 'http://application-form.france-visas.gouv.fr/'),
  (1758, 'Signaler une utilisation frauduleuse de sa carte bancaire en ligne (PERCEVAL)', 54, 'Oui', 228898.0, 228898.0, 1.0, 9.2, 8.8, 0.78, 0.80484693877551, 8.0, 'Partielle', 0.8235, '2024-12-06', 'FranceConnect', 0.0, 0.99895, 178.0, 'https://www.service-public.gouv.fr/particuliers/vosdroits/R46526'),
  (2056, 'Dépôt de plainte en ligne', 55, 'Oui', 237488.0, 237488.0, 1.0, 8.1, 8.4, 0.75, 0.795518207282913, 7.2, 'Partielle', 0.9206, '2024-06-03', 'FranceConnect', 3.0, 0.98943, 612.0, 'https://plainte-en-ligne.masecurite.interieur.gouv.fr/'),
  (1795, 'Dépôt de plainte en ligne pour escroqueries commises sur Internet (THESEE)', 55, 'Oui', 101250.0, 101250.0, 1.0, 8.2, 8.1, 0.71, 0.78169014084507, 7.4, 'Partielle', 0.62, '2025-01-30', 'FranceConnect', 1.0, 1.0, 216.0, 'https://www.service-public.gouv.fr/particuliers/vosdroits/R47816'),
  (1636, 'Autorisation de sortie du territoire (AST) d''un mineur non accompagné par un titulaire de l''autorité parentale', 56, 'Oui', 1756782.0, 1756782.0, 1.0, 8.1, 8.6, 0.82, 0.71689497716895, 7.9, 'Partielle', 0.7843, '2024-12-19', 'Non applicable', NULL, 0.99895, 199.0, 'https://www.service-public.gouv.fr/simulateur/calcul/15646-01'),
  (1635, 'Création d''une association (e-création)', 56, 'Oui', 115029.0, 115029.0, 1.0, 7.2, 7.4, 0.52, 0.499304589707928, 6.9, 'Partielle', 0.7234, '2025-01-13', 'FranceConnect', 5.0, 1.0, 178.0, 'https://www.service-public.gouv.fr/particuliers/vosdroits/R37933'),
  (1634, 'Déclaration de modification ou de dissolution d''une association', 56, 'Oui', 270002.0, 270002.0, 1.0, 6.6, 7.2, 0.64, 0.534275921165381, 6.8, 'Partielle', 0.7627, '2024-12-06', 'FranceConnect', 0.0, 0.99639, 272.0, 'https://www.service-public.gouv.fr/particuliers/vosdroits/R37933'),
  (1729, 'Demande de carte nationale d’identité', 56, 'Oui', 6944867.0, 6944867.0, 1.0, 8.7, 8.7, 0.79, 0.828908554572271, 8.6, 'Partielle', 0.7324, '2024-12-20', 'FranceConnect', 1.0, 0.99789, 355.0, 'https://passeport.ants.gouv.fr/Services-associes/Realiser-une-pre-demande-de-carte-nationale-d-identite-CNI'),
  (1715, 'Demande de passeport', 56, 'Oui', 5385989.0, 5385989.0, 1.0, 9.0, 8.9, 0.81, 0.839160839160839, 8.9, 'Partielle', 0.7324, '2024-12-20', 'FranceConnect', 1.0, 1.0, 292.0, 'https://passeport.ants.gouv.fr/Services-associes/Realiser-une-pre-demande-de-passeport'),
  (1637, 'Demande d''inscription sur les listes électorales communales', 57, 'Oui', 2098685.0, 2098685.0, 1.0, 9.1, 9.2, 0.9, 0.761768901569187, 8.2, 'Partielle', 0.9302, '2024-12-06', 'FranceConnect', 8.0, 1.0, 148.0, 'https://www.inscriptionelectorale.service-public.fr/'),
  (1638, 'Etablissement d''une procuration de vote (Maprocuration)', 57, 'Oui', 547405.0, 547405.0, 1.0, 8.9, 9.3, 0.86, NULL, NULL, 'Partielle', 0.9815, '2024-01-07', 'FranceConnect', 0.0, 0.00248, 149.0, 'https://maprocuration.gouv.fr/'),
  (1774, 'Interroger sa situation électorale en ligne', 57, 'Oui', 7056774.0, 7056774.0, 1.0, 8.7, 8.7, 0.73, NULL, NULL, 'Totale', 1.0, '2023-01-10', 'FranceConnect', 1.0, 0.99367, 219.0, 'https://auth.service-public.gouv.fr/realms/service-public/protocol/openid-connect/auth?response_type=code&client_id=spclient&scope=address%20phone%20openid%20profile%20email&state=2aS7hmv6GiLpztYSpA20eUCbSTKAB8_QhtB8PABgeK8%3D&redirect_uri=https://www.service-public.gouv.fr/openid_connect_login&nonce=r3RJHHgmdp9NkbSVM8QhW58PrkN1XWJ1mY8yBwRyqJw'),
  (1773, 'Autres demandes concernant l’immatriculation de véhicule', 58, 'Oui', 794097.0, 794097.0, 1.0, 6.1, 6.2, 0.35, 0.601021152443472, 6.4, 'Non conforme', 0.3692, '2022-11-03', 'FranceConnect', 0.0, 1.0, 299.0, 'https://immatriculation.ants.gouv.fr/'),
  (1760, 'Consulter l’historique officiel et la situation administrative d’un véhicule d’occasion (Histovec)', 58, 'Oui', 3798153.0, 3798153.0, 1.0, 6.3, 6.4, 0.71, 0.473087818696884, 5.8, 'Partielle', 0.81, '2024-02-14', 'Non applicable', 1.0, 0.99525, 274.0, 'https://histovec.interieur.gouv.fr/histovec/accueil'),
  (1734, 'Consulter les résultats de son examen de permis de conduire', 58, 'Oui', 1059502.0, 1059502.0, 1.0, 9.2, 8.3, 0.62, 0.815457413249211, 8.3, 'Partielle', 0.8, '2023-12-18', 'FranceConnect', 1.0, 0.84108, 181.0, 'http://www.securite-routiere.gouv.fr/permis-de-conduire/resultats-du-permis-de-conduire#/step-connexion'),
  (1642, 'Déclaration de cession d''un véhicule', 58, 'Oui', 8170932.0, 8170932.0, 1.0, 8.9, 8.7, 0.82, 0.521422797089733, 7.2, 'Non conforme', 0.4265, '2024-04-04', 'FranceConnect', 1.0, 1.0, 299.0, 'https://immatriculation.ants.gouv.fr/'),
  (1714, 'Déclaration de changement d''adresse sur le certificat d''immatriculation', 58, 'Oui', 2241479.0, 2241479.0, 1.0, 9.1, 9.0, 0.83, 0.54938900203666, 7.4, 'Non conforme', 0.4411, '2024-04-04', 'FranceConnect', 0.0, 1.0, 299.0, 'https://immatriculation.ants.gouv.fr/'),
  (1776, 'Demande de certificat d''immatriculation d''un véhicule d''occasion immatriculé en France (changement de titulaire du véhicule)', 58, 'Oui', 6999114.0, 6999114.0, 1.0, 8.8, 8.7, 0.79, 0.57380073800738, 7.0, 'Non conforme', 0.4265, '2024-04-04', 'FranceConnect', 1.0, 1.0, 299.0, 'https://immatriculation.ants.gouv.fr/'),
  (1657, 'Demande de certificat de situation administrative (non gage)', 58, 'Oui', 6950022.0, 6950022.0, 1.0, 9.0, 9.0, 0.83, 0.563285024154589, 7.2, 'Non conforme', 0.4048, '2024-03-20', 'Non applicable', 1.0, 0.99499, 290.0, 'https://siv.interieur.gouv.fr/map-usg-ui/do/accueil_certificat'),
  (1755, 'Demande de permis de conduire après réussite à l''examen', 58, 'Oui', 1170837.0, 1170837.0, 1.0, 8.5, 8.2, 0.7, 0.544959128065395, 7.0, 'Partielle', 0.5522, '2025-02-06', 'FranceConnect', 4.0, 0.99789, 338.0, 'https://permisdeconduire.ants.gouv.fr/demarches-en-ligne/reussite-a-l-examen-du-permis-de-conduire'),
  (1641, 'Demande de permis de conduire après suspension. invalidation et annulation dont AM après perte de droits', 58, 'Oui', 380519.0, 380519.0, 1.0, 8.8, 8.5, 0.73, 0.544964028776979, 7.2, 'Partielle', 0.5522, '2025-02-06', 'FranceConnect', 4.0, 0.99789, 338.0, 'https://permisdeconduire.ants.gouv.fr/demarches-en-ligne/invalidation-ou-annulation-du-permis'),
  (1644, 'Demande de renouvellement du certificat d''immatriculation (carte grise) suite à perte. vol ou détérioration du titre', 58, 'Oui', 441374.0, 441374.0, 1.0, 8.9, 8.8, 0.77, 0.539629005059022, 6.7, 'Non conforme', 0.3971, '2024-04-04', 'FranceConnect', 1.0, 1.0, 299.0, 'https://immatriculation.ants.gouv.fr/'),
  (1757, 'Demande de renouvellement du permis de conduire après expiration du titre', 58, 'Oui', 446276.0, 446276.0, 1.0, 9.2, 8.9, 0.83, 0.586167800453515, 7.5, 'Partielle', 0.5522, '2025-02-06', 'FranceConnect', 4.0, 0.99789, 338.0, 'https://permisdeconduire.ants.gouv.fr/demarches-en-ligne/deterioration-remplacement-du-permis-pliant-3-volets-ou-fin-de-validite'),
  (1756, 'Demande de renouvellement du permis de conduire en cas de perte. vol. détérioration ou changement d''état-civil', 58, 'Oui', 937118.0, 937118.0, 1.0, 9.2, 9.1, 0.84, 0.579241765071473, 7.3, 'Partielle', 0.5522, '2025-02-06', 'FranceConnect', 4.0, 0.99789, 338.0, 'https://permisdeconduire.ants.gouv.fr/demarches-en-ligne/-changement-d-etat-civil'),
  (1754, 'Inscription en ligne à l''examen du permis de conduire', 58, 'Oui', 1121929.0, 1121929.0, 1.0, 8.1, 7.5, 0.54, 0.559248554913295, 6.7, 'Partielle', 0.8, '2023-12-18', 'FranceConnect', 4.0, 0.99789, 338.0, 'https://www.securite-routiere.gouv.fr/passer-son-permis-de-conduire/inscription-et-formation/reserver-en-ligne-sa-place-pour-le'),
  (1713, 'Mes Points Permis', 58, 'Oui', 12800000.0, 12800000.0, 1.0, 7.0, 7.0, 0.65, 0.50249433106576, 5.7, 'Partielle', 0.91, '2024-04-27', 'FranceConnect', 0.0, 0.99842, 600.0, 'https://mespoints.permisdeconduire.gouv.fr/bienvenue'),
  (1759, 'Pré-demande de permis de conduire international', 58, 'Oui', 225223.0, 225223.0, 1.0, 8.2, 8.4, 0.84, NULL, 6.6, 'Non conforme', 0.4923, '2024-10-21', 'FranceConnect', 4.0, 0.99789, 338.0, 'https://permisdeconduire.ants.gouv.fr/'),
  (2658, 'Recherche du véhicule à partir du numéro d’immatriculation (fourrières)', 58, 'Oui', 267900.0, 267900.0, 1.0, 4.0, 3.7, 0.32, NULL, NULL, 'Totale', 1.0, '2023-12-14', 'Non applicable', NULL, 1.0, 430.0, 'https://www.service-public.gouv.fr/particuliers/vosdroits/demarches-et-outils/interrogation-fourriere'),
  (1652, 'Déclaration de détention et d''acquisition d''armes', 59, 'Partiel', 143916.0, 143916.0, 1.0, 5.6, 5.6, 0.53, 0.701612903225807, 7.5, 'Non conforme', 0.42, '2024-07-24', 'Non', 8.0, 0.99789, 278.0, 'https://sia.detenteurs.interieur.gouv.fr'),
  (2322, 'Enregistrement des armes détenues en stock chez les armuriers', 59, 'Oui', 468097.0, 468097.0, 1.0, NULL, NULL, NULL, NULL, NULL, 'Non conforme', NULL, '2020-10-01', 'Non applicable', 0.0, 0.99789, 278.0, 'https://sia.registres.interieur.gouv.fr/'),
  (1730, 'Demande d''extrait de casier judiciaire (bulletin n°3)', 60, 'Oui', 4497845.0, 4475188.0, 0.994962698803538, 7.7, 7.9, 0.78, 0.575225943646996, 7.1, 'Partielle', 0.532, '2023-07-19', 'FranceConnect', 3.0, 0.99737, 393.0, 'https://casier-judiciaire.justice.gouv.fr/mai-web-b3-presentation/pages/creation/orientation.xhtml?cid=1'),
  (2610, 'Demande d''acte de décès : copie intégrale ou extrait (décès en France)', 61, 'Oui', NULL, NULL, NULL, 9.6, 9.4, 0.89, 0.726984126984127, 8.2, 'Partielle', 0.76, '2024-12-09', 'FranceConnect', 5.0, 1.0, 166.0, 'https://www.service-public.gouv.fr/particuliers/vosdroits/R42838'),
  (2609, 'Demande d''acte de mariage : copie intégrale ou extrait (mariage en France)', 61, 'Oui', NULL, NULL, NULL, 9.3, 9.1, 0.87, 0.698039215686275, 7.8, 'Partielle', 0.76, '2024-12-09', 'FranceConnect', 4.0, 0.99895, 183.0, 'https://www.service-public.gouv.fr/particuliers/vosdroits/R42837'),
  (2608, 'Demande d''acte de naissance : copie intégrale ou extrait (naissance en France)', 61, 'Oui', NULL, NULL, NULL, 9.5, 9.2, 0.87, 0.745494994438265, 8.2, 'Partielle', 0.76, '2024-12-09', 'FranceConnect', 2.0, 1.0, 159.0, 'https://www.service-public.gouv.fr/particuliers/vosdroits/R1406'),
  (3439, 'Pre-demande de mariage', 61, 'Non', NULL, NULL, NULL, NULL, NULL, NULL, NULL, NULL, '–', NULL, NULL, '–', NULL, NULL, NULL, NULL),
  (1708, 'Pre-demande de Pacs', 61, 'Oui', NULL, 13200.0, NULL, 8.6, 8.4, 0.72, NULL, NULL, 'Partielle', 0.8852, '2023-06-16', 'FranceConnect', 5.0, 1.0, 175.0, 'https://www.service-public.gouv.fr/particuliers/vosdroits/R46162'),
  (2742, 'Demande de permis de visite en établissement pénitentiaire', 62, 'Partiel', NULL, 10797.0, NULL, 7.8, 7.9, 0.64, 0.62037037037037, 7.5, 'Non conforme', NULL, '2022-06-30', 'FranceConnect', 6.0, 0.99842, 199.0, 'https://www.penitentiaire.justice.fr/authentification?returnUrl=%2F'),
  (1920, 'Demandes de parloirs en établissement pénitentiaire', 62, 'Oui', NULL, 1641225.0, NULL, 9.1, 8.7, 0.64, 0.78150765606596, 8.0, 'Non conforme', NULL, '2022-06-30', 'FranceConnect', 1.0, 0.99842, 199.0, 'https://www.penitentiaire.justice.fr/authentification?returnUrl=%2F'),
  (3556, 'Pécule (virement)', 62, 'Partiel', NULL, 22337.0, NULL, NULL, NULL, NULL, NULL, NULL, 'Non conforme', NULL, '2022-06-30', 'FranceConnect', NULL, 0.99842, 199.0, 'https://www.penitentiaire.justice.fr/authentification?returnUrl=%2F'),
  (1747, 'Demande d''aide juridictionnelle', 63, 'Oui', NULL, NULL, NULL, 8.7, 8.2, 0.57, 0.67283950617284, 7.7, 'Totale', 1.0, '2022-12-08', 'FranceConnect', 12.0, 0.99842, 162.0, 'https://www.aidejuridictionnelle.justice.fr/'),
  (2739, 'Simulateur d’aide juridictionnelle', 63, 'Oui', NULL, NULL, NULL, 7.5, 7.1, 0.52, NULL, 7.0, 'Totale', 1.0, '2022-12-08', 'Non applicable', NULL, 0.99842, 175.0, 'https://www.aidejuridictionnelle.justice.fr/simulateur'),
  (2740, 'Estimer le montant de la saisie sur salaire ou saisie sur rémunérations (simulateur)', 64, 'Oui', NULL, NULL, NULL, NULL, NULL, NULL, NULL, NULL, 'Non conforme', NULL, '2022-04-20', 'Non applicable', NULL, 0.99789, 180.0, 'https://www.justice.fr/simulateurs/saisies-remunerations#details'),
  (2741, 'Simulateur de calcul de pension alimentaire', 64, 'Oui', NULL, NULL, NULL, NULL, NULL, NULL, NULL, NULL, 'Non conforme', NULL, '2022-04-20', 'Non applicable', NULL, 0.99657, 222.0, 'https://www.justice.fr/simulateurs/pensions-alimentaire'),
  (2604, 'Demande de carte famille nombreuse', 65, 'Oui', NULL, NULL, NULL, 7.7, 8.1, 0.76, NULL, 6.1, 'Totale', 1.0, '2024-10-10', 'Non', 11.0, 1.0, 683.0, 'https://www.carte-familles-nombreuses.gouv.fr/'),
  (2510, 'Assistance aux Demandes d''Autorisation d''Urbanisme (Permis de construire en ligne) - ADAU', 66, 'En cours de déploiement local', NULL, NULL, NULL, 7.1, 6.8, 0.55, 0.628099173553719, 6.9, 'Partielle', 0.69, '2025-05-19', 'FranceConnect', 1.0, 0.99394, 308.0, 'https://www.service-public.gouv.fr/particuliers/vosdroits/R52221'),
  (2250, 'Demande de prime de transition énergétique dite "MaPrimeRénov''"', 66, 'Oui', NULL, NULL, NULL, 5.5, 6.2, 0.33, 0.776019983347211, 6.2, 'Non conforme', 0.2813, '2024-07-11', 'FranceConnect +', 0.0, 1.0, 305.0, 'https://www.maprimerenov.gouv.fr/'),
  (1639, 'Demande de subvention pour travaux - Propriétaires occupants dite « MonProjet ANAH »', 66, 'Oui', NULL, NULL, NULL, 9.1, 8.6, 0.21, 0.924119241192412, 8.8, 'Non conforme', 0.3077, '2024-07-25', 'Non', 1.0, 1.0, 178.0, 'https://monprojet.anah.gouv.fr/'),
  (2278, 'DossierFacile : aide à la constitution d’un dossier numérique de location de logement', 66, 'Oui', NULL, NULL, NULL, 6.8, 7.3, 0.7, 0.550561797752809, 6.0, 'Partielle', 0.75, '2023-03-15', 'FranceConnect', NULL, 1.0, 160.0, 'https://www.dossierfacile.logement.gouv.fr/'),
  (1709, 'Demande de certificat qualité de l''air (Crit’air)', 67, 'Oui', NULL, NULL, NULL, 8.8, 8.7, 0.83, 0.507048092868988, 7.1, 'Totale', 1.0, '2022-12-22', 'FranceConnect', 3.0, 1.0, 142.0, 'https://www.certificat-air.gouv.fr/'),
  (2981, 'Demande de prime à la conversion et bonus écologique', 67, 'Oui', NULL, NULL, NULL, 7.6, 7.9, 0.61, 0.695187165775401, 7.9, 'Partielle', 0.5345, '2025-08-13', 'FranceConnect', 1.0, 1.0, 183.0, 'https://www.primealaconversion.gouv.fr/dboneco/accueil/access.html'),
  (3491, 'Demande et Attribution du chèque énergie', 67, 'Oui', NULL, NULL, NULL, NULL, NULL, NULL, NULL, NULL, 'Partielle', 0.7792, '2025-02-17', 'Non', 2.0, 1.0, NULL, 'https://chequeenergie.gouv.fr/beneficiaire/creation-de-compte'),
  (2808, 'Utilisation du chèque énergie', 67, 'Oui', NULL, NULL, NULL, 9.4, 9.0, 0.75, 0.818849449204406, 8.2, 'Partielle', 0.7792, '2025-02-17', 'Non', 1.0, 1.0, 323.0, 'https://chequeenergie.gouv.fr/beneficiaire/cheque/paiement-en-ligne'),
  (2809, 'Vérifier mon éligibilité au chèque énergie (Simulateur)', 67, 'Oui', NULL, NULL, NULL, 5.9, 5.5, 0.53, 0.526503567787972, 5.9, 'Partielle', 0.7792, '2025-02-17', 'Non', 2.0, 1.0, 304.0, 'https://chequeenergie.gouv.fr/beneficiaire/eligibilite'),
  (2717, 'Demande de logement social – demande initiale', 68, 'En cours de déploiement local', 1104461.0, 773123.0, 0.700000271625707, 7.5, 7.1, 0.53, 0.693670886075949, 6.3, 'Partielle', 0.83, '2023-05-31', 'FranceConnect', 22.0, 1.0, 178.0, 'https://www.demande-logement-social.gouv.fr/'),
  (1736, 'Demande de logement social – renouvellement', 68, 'En cours de déploiement local', 1307089.0, 1032600.0, 0.789999762831758, 8.4, 8.0, 0.61, 0.702782711663706, 7.3, 'Partielle', 0.83, '2023-05-31', 'FranceConnect', 22.0, 1.0, 178.0, 'https://www.demande-logement-social.gouv.fr/');

-- INSERTS categorieusager & demarche_categorieusager

INSERT INTO categorieusager (id_categorie, libelle)
VALUES
  (1, 'Particulier'),
  (2, 'Association'),
  (3, 'Autres'),
  (4, 'Entreprise');
INSERT INTO demarche_categorieusager (id_demarche, id_categorie)
VALUES
  (1763, 1),
  (1763, 2),
  (1763, 3),
  (1656, 1),
  (1764, 2),
  (1716, 1),
  (1716, 4),
  (1716, 2),
  (1718, 1),
  (1719, 1),
  (1720, 1),
  (2508, 1),
  (2508, 4),
  (2508, 2),
  (1721, 1),
  (1722, 1),
  (115, 1),
  (116, 1),
  (1679, 1),
  (1775, 4),
  (1775, 2),
  (1750, 1),
  (1748, 1),
  (2422, 1),
  (2940, 1),
  (1694, 1),
  (1695, 4),
  (2768, 1),
  (2988, 4),
  (1693, 4),
  (3410, 1),
  (2190, 1),
  (2769, 1),
  (2745, 1),
  (2770, 1),
  (1779, 1),
  (1779, 4),
  (1779, 2),
  (1697, 4),
  (1697, 2),
  (1697, 3),
  (1778, 1),
  (2191, 1),
  (2006, 1),
  (1700, 1),
  (1622, 1),
  (1623, 1),
  (2763, 1),
  (2765, 1),
  (2764, 1),
  (2766, 1),
  (2443, 1),
  (2767, 1),
  (1717, 1),
  (1620, 1),
  (3104, 1),
  (1789, 1),
  (3103, 1),
  (1624, 1),
  (1705, 1),
  (1706, 1),
  (2737, 1),
  (1701, 1),
  (2760, 1),
  (2424, 1),
  (1696, 1),
  (3102, 1),
  (3619, 1),
  (46, 1),
  (2771, 1),
  (45, 1),
  (2775, 1),
  (772, 1),
  (1621, 1),
  (2772, 1),
  (2851, 1),
  (757, 1),
  (1699, 1),
  (2774, 1),
  (44, 1),
  (2773, 1),
  (2853, 1),
  (1707, 1),
  (3101, 3),
  (1703, 1),
  (2928, 1),
  (2928, 3),
  (2865, 1),
  (2866, 1),
  (2867, 1),
  (2868, 1),
  (2828, 4),
  (2823, 2),
  (1691, 1),
  (1690, 1),
  (2192, 1),
  (2154, 4),
  (2195, 1),
  (2193, 1),
  (2194, 1),
  (2826, 3),
  (2824, 4),
  (2825, 4),
  (2475, 1),
  (2475, 4),
  (2475, 2),
  (2829, 4),
  (1658, 4),
  (2155, 4),
  (2830, 4),
  (1617, 1),
  (1661, 4),
  (2059, 4),
  (2060, 4),
  (2058, 4),
  (1664, 4),
  (2757, 4),
  (1671, 1),
  (2755, 4),
  (1819, 4),
  (2756, 4),
  (2244, 1),
  (2752, 1),
  (1820, 1),
  (2753, 1),
  (2753, 4),
  (2758, 4),
  (2706, 4),
  (1666, 4),
  (2735, 4),
  (2735, 2),
  (2733, 4),
  (2733, 2),
  (2731, 4),
  (2731, 2),
  (2736, 4),
  (2736, 2),
  (1998, 4),
  (1998, 2),
  (2732, 4),
  (2732, 2),
  (1766, 1),
  (2429, 1),
  (2491, 1),
  (1771, 1),
  (1799, 1),
  (1844, 1),
  (1831, 1),
  (2232, 1),
  (1627, 1),
  (2995, 4),
  (3055, 4),
  (3008, 4),
  (3005, 4),
  (3056, 4),
  (3004, 4),
  (3043, 4),
  (3040, 4),
  (123, 4),
  (2343, 4),
  (3066, 1),
  (1761, 1),
  (1761, 4),
  (3062, 4),
  (3059, 1),
  (3061, 4),
  (3537, 1),
  (2726, 1),
  (2726, 4),
  (2490, 1),
  (2490, 4),
  (2042, 1),
  (3065, 1),
  (3060, 1),
  (3067, 1),
  (3611, 1),
  (3081, 1),
  (3081, 4),
  (3081, 2),
  (2225, 1),
  (2225, 4),
  (2225, 2),
  (3082, 1),
  (3082, 4),
  (3082, 2),
  (3080, 1),
  (3080, 4),
  (3080, 2),
  (3069, 1),
  (1997, 1),
  (3084, 1),
  (3084, 4),
  (3084, 2),
  (1681, 1),
  (1680, 1),
  (3086, 1),
  (1731, 1),
  (1732, 1),
  (1683, 1),
  (3100, 1),
  (2858, 1),
  (828, 1),
  (1741, 1),
  (3085, 1),
  (3087, 1),
  (1740, 1),
  (2972, 1),
  (3089, 1),
  (3098, 1),
  (1742, 1),
  (3093, 1),
  (3094, 1),
  (3096, 1),
  (1733, 1),
  (3099, 1),
  (1743, 4),
  (1744, 2),
  (3658, 1),
  (3659, 1),
  (3660, 1),
  (1738, 1),
  (1737, 1),
  (1737, 4),
  (1737, 2),
  (1629, 1),
  (1772, 1),
  (1630, 1),
  (336, 1),
  (1758, 1),
  (2056, 1),
  (2056, 4),
  (2056, 2),
  (1795, 1),
  (1636, 1),
  (1635, 2),
  (1634, 2),
  (1729, 1),
  (1715, 1),
  (1637, 1),
  (1638, 1),
  (1774, 1),
  (1773, 1),
  (1773, 4),
  (1773, 2),
  (1760, 1),
  (1760, 4),
  (1760, 2),
  (1734, 1),
  (1642, 1),
  (1642, 4),
  (1642, 2),
  (1714, 1),
  (1714, 4),
  (1714, 2),
  (1776, 1),
  (1776, 4),
  (1776, 2),
  (1657, 1),
  (1657, 4),
  (1657, 2),
  (1755, 1),
  (1641, 1),
  (1644, 1),
  (1644, 4),
  (1644, 2),
  (1757, 1),
  (1756, 1),
  (1754, 1),
  (1713, 1),
  (1759, 1),
  (2658, 1),
  (2658, 4),
  (2658, 2),
  (1652, 1),
  (2322, 4),
  (1730, 1),
  (2610, 1),
  (2609, 1),
  (2608, 1),
  (3439, 1),
  (1708, 1),
  (2742, 1),
  (1920, 1),
  (3556, 1),
  (1747, 1),
  (2739, 1),
  (2739, 2),
  (2739, 3),
  (2740, 1),
  (2740, 3),
  (2741, 1),
  (2741, 3),
  (2604, 1),
  (2510, 1),
  (2510, 4),
  (2250, 1),
  (1639, 1),
  (2278, 1),
  (1709, 1),
  (1709, 4),
  (2981, 1),
  (3491, 1),
  (2808, 1),
  (2809, 1),
  (2717, 1),
  (2717, 4),
  (1736, 1),
  (1736, 4);

-- INSERTS indicateursaccessibilite

INSERT INTO indicateursaccessibilite (
  id_demarche, prise_en_compte_handicap, taux_audit_rgaa, franceconnect, score_dlnuf
) VALUES
  (1763, 'Partielle', 0.964, 'Non applicable', NULL),
  (1656, 'Partielle', 0.76, 'FranceConnect', 2.0),
  (1764, 'Partielle', 0.9412, 'Non applicable', 3.0),
  (1716, 'Partielle', 0.75, 'FranceConnect', 2.0),
  (1718, 'Partielle', 0.8182, 'FranceConnect', 0.0),
  (1719, 'Partielle', 0.8182, 'FranceConnect', 0.0),
  (1720, 'Partielle', 0.8182, 'FranceConnect', 0.0),
  (2508, '–', NULL, '–', NULL),
  (1721, 'Partielle', 0.7547, 'FranceConnect', 0.0),
  (1722, 'Partielle', 0.7547, 'FranceConnect', 4.0),
  (115, 'À venir', NULL, '–', NULL),
  (116, 'Non conforme', NULL, '–', NULL),
  (1679, 'Non conforme', NULL, 'Non applicable', 0.0),
  (1775, 'Non conforme', 0.31, 'Non applicable', 4.0),
  (1750, 'Partielle', 0.91, 'FranceConnect', 1.0),
  (1748, 'Partielle', 0.756, 'FranceConnect', 0.0),
  (2422, 'Partielle', 0.8541, 'Non applicable', NULL),
  (2940, 'Non conforme', 0.411, 'FranceConnect +', 1.0),
  (1694, 'Partielle', 0.9804, 'FranceConnect +', 1.0),
  (1695, 'Non conforme', 0.31, 'Non applicable', 0.0),
  (2768, 'Partielle', 0.75, 'Non applicable', NULL),
  (2988, 'Partielle', 0.82, 'Non applicable', 1.0),
  (1693, 'Partielle', 0.6308, 'Non applicable', 0.0),
  (3410, 'Partielle', 0.75, 'Non applicable', NULL),
  (2190, 'Partielle', 0.84, 'FranceConnect', 2.0),
  (2769, 'Partielle', 0.66, 'FranceConnect', 0.0),
  (2745, 'Partielle', 0.5, 'FranceConnect', NULL),
  (2770, 'Partielle', 0.78, 'FranceConnect', NULL),
  (1779, 'Non conforme', 0.45, 'Non applicable', 4.0),
  (1697, 'Partielle', 0.86, 'Non applicable', 0.0),
  (1778, 'Partielle', 0.84, 'FranceConnect', 0.0),
  (2191, 'Partielle', 0.82, 'FranceConnect', 0.0),
  (2006, 'Partielle', 0.77, 'FranceConnect', 0.0),
  (1700, 'Partielle', 0.78, 'Non', 5.0),
  (1622, 'Partielle', 0.925, 'FranceConnect', 1.0),
  (1623, 'Partielle', 0.963, 'FranceConnect', 12.0),
  (2763, 'Non conforme', 0.47, 'FranceConnect', 0.0),
  (2765, 'Partielle', 0.9429, 'FranceConnect', 0.0),
  (2764, 'Partielle', 0.9412, 'FranceConnect', 0.0),
  (2766, 'Partielle', 0.8, 'FranceConnect', 0.0),
  (2443, 'Partielle', 0.5517, 'FranceConnect', 4.0),
  (2767, 'Partielle', 0.875, 'FranceConnect', 0.0),
  (1717, 'Partielle', 0.8644, 'FranceConnect', NULL),
  (1620, 'Partielle', 0.82, 'FranceConnect', 0.0),
  (3104, 'Partielle', 0.7241, 'FranceConnect', 2.0),
  (1789, 'Partielle', 0.9298, 'FranceConnect', 3.0),
  (3103, 'Partielle', 0.9815, 'FranceConnect', 3.0),
  (1624, 'Partielle', 0.89, 'FranceConnect', 6.0),
  (1705, 'Partielle', 0.7302, 'FranceConnect', 2.0),
  (1706, 'Partielle', 0.7302, 'FranceConnect', 10.0),
  (2737, 'Partielle', 0.96, 'FranceConnect', 0.0),
  (1701, 'Partielle', 0.9123, 'FranceConnect', 0.0),
  (2760, '–', NULL, '–', NULL),
  (2424, 'Non conforme', NULL, 'FranceConnect', NULL),
  (1696, 'Partielle', 0.9322, 'FranceConnect', 7.0),
  (3102, 'Partielle', 0.7, 'FranceConnect', 7.0),
  (3619, 'Partielle', 0.7321, 'Non applicable', NULL),
  (46, 'Partielle', 0.76, 'FranceConnect', 0.0),
  (2771, 'Partielle', 0.67, 'FranceConnect', 0.0),
  (45, 'Partielle', 0.83, 'FranceConnect', 0.0),
  (2775, 'Partielle', 0.58, 'FranceConnect', 0.0),
  (772, 'Partielle', 0.82, 'FranceConnect', 0.0),
  (1621, 'Partielle', 0.76, 'FranceConnect', 7.0),
  (2772, 'Non conforme', 0.44, 'FranceConnect', 4.0),
  (2851, '–', NULL, '–', NULL),
  (757, 'Partielle', 0.79, 'FranceConnect', 0.0),
  (1699, 'Partielle', 0.79, 'FranceConnect', 0.0),
  (2774, 'Partielle', 0.67, 'FranceConnect', 0.0),
  (44, 'Partielle', 0.84, 'FranceConnect', 0.0),
  (2773, 'Partielle', 0.57, 'FranceConnect', 0.0),
  (2853, '–', NULL, '–', NULL),
  (1707, 'Partielle', 0.847, 'FranceConnect', 13.0),
  (3101, 'Non conforme', NULL, 'Non applicable', 0.0),
  (1703, 'Partielle', 0.91, 'Non', 5.0),
  (2928, 'Partielle', 0.75, 'FranceConnect', NULL),
  (2865, 'Partielle', 0.7241, 'FranceConnect', 2.0),
  (2866, 'Partielle', 0.7241, 'FranceConnect', 4.0),
  (2867, 'Partielle', 0.7241, 'FranceConnect', 0.0),
  (2868, 'Partielle', 0.7241, 'FranceConnect', NULL),
  (2828, 'Non conforme', NULL, 'Non applicable', NULL),
  (2823, 'À venir', NULL, 'À venir', NULL),
  (1691, 'Partielle', 0.7887, 'FranceConnect', 1.0),
  (1690, 'Partielle', 0.7887, 'FranceConnect', 0.0),
  (2192, 'Partielle', 0.7887, 'FranceConnect', 0.0),
  (2154, 'Partielle', 0.6622, 'FranceConnect', 0.0),
  (2195, 'Non conforme', NULL, 'FranceConnect', 3.0),
  (2193, 'Non conforme', NULL, 'FranceConnect', 0.0),
  (2194, 'Non conforme', NULL, 'FranceConnect', 0.0),
  (2826, 'Partielle', 0.625, 'Non applicable', NULL),
  (2824, 'À venir', NULL, 'À venir', NULL),
  (2825, 'À venir', NULL, 'À venir', NULL),
  (2475, 'Partielle', 0.619, 'Non applicable', NULL),
  (2829, 'À venir', NULL, 'À venir', NULL),
  (1658, 'Partielle', 0.5536, 'Non applicable', 0.0),
  (2155, 'Partielle', 0.7037, 'Non applicable', 0.0),
  (2830, 'Totale', 1.0, 'Non applicable', NULL),
  (1617, 'Totale', 1.0, 'FranceConnect', 9.0),
  (1661, 'Partielle', 0.7747, 'Non applicable', 1.0),
  (2059, 'Non conforme', NULL, 'Non applicable', 0.0),
  (2060, 'Non conforme', NULL, 'Non applicable', 0.0),
  (2058, 'Non conforme', NULL, 'Non applicable', 0.0),
  (1664, 'Non conforme', NULL, 'FranceConnect', 0.0),
  (2757, 'Non conforme', 0.29, 'FranceConnect', 0.0),
  (1671, 'Partielle', 0.9167, 'FranceConnect', 2.0),
  (2755, 'Non conforme', NULL, 'FranceConnect', 1.0),
  (1819, 'Non conforme', 0.413, 'FranceConnect', 0.0),
  (2756, 'Non conforme', NULL, 'FranceConnect', 0.0),
  (2244, 'Partielle', 0.7143, 'FranceConnect', 3.0),
  (2752, 'Partielle', 0.5714, 'FranceConnect', 0.0),
  (1820, 'Non conforme', 0.425, 'FranceConnect', 2.0),
  (2753, 'Partielle', 0.8684, 'FranceConnect', 1.0),
  (2758, 'Non conforme', NULL, 'FranceConnect', 0.0),
  (2706, 'Partielle', 0.5918, 'FranceConnect', 3.0),
  (1666, 'Non conforme', NULL, 'FranceConnect', 3.0),
  (2735, 'Partielle', 0.931, 'FranceConnect', 0.0),
  (2733, 'Partielle', 0.931, 'FranceConnect', 0.0),
  (2731, 'Partielle', 0.931, 'FranceConnect', 0.0),
  (2736, 'Partielle', 0.931, 'FranceConnect', 0.0),
  (1998, 'Partielle', 0.931, 'FranceConnect', 0.0),
  (2732, 'Partielle', 0.931, 'FranceConnect', 0.0),
  (1766, 'Partielle', 0.85, 'Non applicable', 1.0),
  (2429, 'Non conforme', NULL, 'FranceConnect', 9.0),
  (2491, 'Non conforme', NULL, 'FranceConnect', 12.0),
  (1771, 'Partielle', 0.86, 'FranceConnect', 5.0),
  (1799, 'Partielle', 0.79, 'Non', 7.0),
  (1844, 'Partielle', 0.63, 'FranceConnect', 1.0),
  (1831, 'Partielle', 0.63, 'FranceConnect', 2.0),
  (2232, 'Non conforme', NULL, 'FranceConnect', 16.0),
  (1627, 'Non conforme', NULL, 'FranceConnect', 9.0),
  (2995, 'Partielle', 0.8333, 'Non applicable', 0.0),
  (3055, 'Non conforme', 0.43, 'Non applicable', 0.0),
  (3008, 'Non conforme', 0.38, 'Non applicable', 0.0),
  (3005, 'Non conforme', 0.35, 'Non applicable', 0.0),
  (3056, 'Non conforme', 0.44, 'Non applicable', 0.0),
  (3004, 'Partielle', 0.6, 'Non applicable', 0.0),
  (3043, 'Non conforme', 0.43, 'Non applicable', 3.0),
  (3040, 'Partielle', 0.6, 'Non applicable', 0.0),
  (123, 'Non conforme', NULL, 'FranceConnect +', 3.0),
  (2343, 'Non conforme', NULL, 'FranceConnect +', 6.0),
  (3066, 'Partielle', 0.89, 'Non applicable', 0.0),
  (1761, 'Non conforme', NULL, 'Non applicable', 0.0),
  (3062, 'Partielle', 0.76, 'Non applicable', 4.0),
  (3059, 'Non conforme', NULL, 'FranceConnect', 0.0),
  (3061, 'Partielle', 0.76, 'Non applicable', 4.0),
  (3537, '–', NULL, '–', NULL),
  (2726, 'Partielle', 0.963, 'FranceConnect', 0.0),
  (2490, 'Non conforme', NULL, 'FranceConnect', 3.0),
  (2042, 'Partielle', 0.82, 'FranceConnect', 0.0),
  (3065, 'Partielle', 0.93, 'Non applicable', 0.0),
  (3060, 'Partielle', 0.6596, 'FranceConnect', 0.0),
  (3067, 'Partielle', 0.875, 'FranceConnect', 0.0),
  (3611, 'Partielle', 0.89, 'Non applicable', 0.0),
  (3081, 'Non conforme', NULL, 'Non applicable', 0.0),
  (2225, 'Non conforme', NULL, 'Non applicable', 0.0),
  (3082, 'Non conforme', NULL, 'Non applicable', 0.0),
  (3080, 'Non conforme', NULL, 'Non applicable', 0.0),
  (3069, 'Partielle', 0.88, 'Non applicable', NULL),
  (1997, 'Non conforme', NULL, 'FranceConnect', 3.0),
  (3084, 'Partielle', 0.93, 'FranceConnect', 1.0),
  (1681, 'Non conforme', NULL, 'FranceConnect', 0.0),
  (1680, 'Partielle', 0.963, 'FranceConnect', 0.0),
  (3086, 'Non conforme', NULL, 'FranceConnect', 0.0),
  (1731, 'Non conforme', NULL, 'FranceConnect', 0.0),
  (1732, 'Non conforme', NULL, 'FranceConnect', 0.0),
  (1683, 'Partielle', 0.8036, 'FranceConnect', 0.0),
  (3100, 'Non conforme', NULL, 'Non applicable', 0.0),
  (2858, 'Partielle', 0.7424, 'Non', 6.0),
  (828, '–', NULL, '–', NULL),
  (1741, 'Partielle', 0.68, 'FranceConnect', 0.0),
  (3085, 'Partielle', 0.68, 'FranceConnect', 0.0),
  (3087, 'Partielle', 0.8, 'FranceConnect', 1.0),
  (1740, 'Non conforme', NULL, 'FranceConnect', 0.0),
  (2972, 'Non conforme', NULL, 'FranceConnect', 0.0),
  (3089, 'Partielle', 0.8, 'FranceConnect', 0.0),
  (3098, 'Partielle', 0.8, 'FranceConnect', 0.0),
  (1742, 'Non conforme', NULL, 'FranceConnect', 0.0),
  (3093, 'Non conforme', NULL, 'FranceConnect', 0.0),
  (3094, 'Non conforme', NULL, 'FranceConnect', 0.0),
  (3096, 'Non conforme', NULL, 'FranceConnect', 0.0),
  (1733, 'Non conforme', NULL, 'FranceConnect', 0.0),
  (3099, 'Partielle', 0.752, 'FranceConnect', 1.0),
  (1743, 'Partielle', 0.752, 'FranceConnect', 1.0),
  (1744, 'Non conforme', NULL, 'Non', 5.0),
  (3658, 'Démarche proactive', NULL, 'Démarche proactive', NULL),
  (3659, 'Non conforme', NULL, 'Non', NULL),
  (3660, 'Non conforme', NULL, 'Non', NULL),
  (1738, 'Partielle', 0.835, 'Non applicable', 1.0),
  (1737, 'Partielle', 0.835, 'Non applicable', 1.0),
  (1629, 'Partielle', 0.828, 'Non applicable', 1.0),
  (1772, 'Non conforme', 0.32, 'Non', 14.0),
  (1630, 'Non conforme', NULL, 'Non applicable', NULL),
  (336, 'Non conforme', NULL, 'Non applicable', NULL),
  (1758, 'Partielle', 0.8235, 'FranceConnect', 0.0),
  (2056, 'Partielle', 0.9206, 'FranceConnect', 3.0),
  (1795, 'Partielle', 0.62, 'FranceConnect', 1.0),
  (1636, 'Partielle', 0.7843, 'Non applicable', NULL),
  (1635, 'Partielle', 0.7234, 'FranceConnect', 5.0),
  (1634, 'Partielle', 0.7627, 'FranceConnect', 0.0),
  (1729, 'Partielle', 0.7324, 'FranceConnect', 1.0),
  (1715, 'Partielle', 0.7324, 'FranceConnect', 1.0),
  (1637, 'Partielle', 0.9302, 'FranceConnect', 8.0),
  (1638, 'Partielle', 0.9815, 'FranceConnect', 0.0),
  (1774, 'Totale', 1.0, 'FranceConnect', 1.0),
  (1773, 'Non conforme', 0.3692, 'FranceConnect', 0.0),
  (1760, 'Partielle', 0.81, 'Non applicable', 1.0),
  (1734, 'Partielle', 0.8, 'FranceConnect', 1.0),
  (1642, 'Non conforme', 0.4265, 'FranceConnect', 1.0),
  (1714, 'Non conforme', 0.4411, 'FranceConnect', 0.0),
  (1776, 'Non conforme', 0.4265, 'FranceConnect', 1.0),
  (1657, 'Non conforme', 0.4048, 'Non applicable', 1.0),
  (1755, 'Partielle', 0.5522, 'FranceConnect', 4.0),
  (1641, 'Partielle', 0.5522, 'FranceConnect', 4.0),
  (1644, 'Non conforme', 0.3971, 'FranceConnect', 1.0),
  (1757, 'Partielle', 0.5522, 'FranceConnect', 4.0),
  (1756, 'Partielle', 0.5522, 'FranceConnect', 4.0),
  (1754, 'Partielle', 0.8, 'FranceConnect', 4.0),
  (1713, 'Partielle', 0.91, 'FranceConnect', 0.0),
  (1759, 'Non conforme', 0.4923, 'FranceConnect', 4.0),
  (2658, 'Totale', 1.0, 'Non applicable', NULL),
  (1652, 'Non conforme', 0.42, 'Non', 8.0),
  (2322, 'Non conforme', NULL, 'Non applicable', 0.0),
  (1730, 'Partielle', 0.532, 'FranceConnect', 3.0),
  (2610, 'Partielle', 0.76, 'FranceConnect', 5.0),
  (2609, 'Partielle', 0.76, 'FranceConnect', 4.0),
  (2608, 'Partielle', 0.76, 'FranceConnect', 2.0),
  (3439, '–', NULL, '–', NULL),
  (1708, 'Partielle', 0.8852, 'FranceConnect', 5.0),
  (2742, 'Non conforme', NULL, 'FranceConnect', 6.0),
  (1920, 'Non conforme', NULL, 'FranceConnect', 1.0),
  (3556, 'Non conforme', NULL, 'FranceConnect', NULL),
  (1747, 'Totale', 1.0, 'FranceConnect', 12.0),
  (2739, 'Totale', 1.0, 'Non applicable', NULL),
  (2740, 'Non conforme', NULL, 'Non applicable', NULL),
  (2741, 'Non conforme', NULL, 'Non applicable', NULL),
  (2604, 'Totale', 1.0, 'Non', 11.0),
  (2510, 'Partielle', 0.69, 'FranceConnect', 1.0),
  (2250, 'Non conforme', 0.2813, 'FranceConnect +', 0.0),
  (1639, 'Non conforme', 0.3077, 'Non', 1.0),
  (2278, 'Partielle', 0.75, 'FranceConnect', NULL),
  (1709, 'Totale', 1.0, 'FranceConnect', 3.0),
  (2981, 'Partielle', 0.5345, 'FranceConnect', 1.0),
  (3491, 'Partielle', 0.7792, 'Non', 2.0),
  (2808, 'Partielle', 0.7792, 'Non', 1.0),
  (2809, 'Partielle', 0.7792, 'Non', 2.0),
  (2717, 'Partielle', 0.83, 'FranceConnect', 22.0),
  (1736, 'Partielle', 0.83, 'FranceConnect', 22.0);